product_id,product_business_key,product_identity_type,is_historical_stable,recipe_number,product_name,normalized_product_name,product_type,source,product_alternative_names
1,RECIPE_B2G7I9C3C3,RECIPE,True,B2G7I9C3C3,Produkt CAT05-3 B2G7I9C3C3,produkt_cat053_b2g7i9c3c3,CAT05,INSIDE,Produkt CAT05-3 B2G7I9C3C3
2,RECIPE_B2H8C3A1C3,RECIPE,True,B2H8C3A1C3,Produkt CAT05-2 B2H8C3A1C3,produkt_cat052_b2h8c3a1c3,CAT05,INSIDE,Produkt CAT05-2 B2H8C3A1C3
3,RECIPE_B2H8C3A1D4,RECIPE,True,B2H8C3A1D4,Produkt CAT05-4 B2H8C3A1D4,produkt_cat054_b2h8c3a1d4,CAT05,INSIDE,Produkt CAT05-4 B2H8C3A1D4
4,RECIPE_B2H8C3J0A1,RECIPE,True,B2H8C3J0A1,Produkt CAT03-2-2 B2H8C3J0A1,produkt_cat0322_b2h8c3j0a1,CAT03,INSIDE,Produkt CAT03-2-2 B2H8C3J0A1 | Produkt CAT03-2-3 B2H8C3J0A1
5,RECIPE_B2H8H8E5F6,RECIPE,True,B2H8H8E5F6,Produkt CAT03-4-3 B2H8H8E5F6,produkt_cat0343_b2h8h8e5f6,CAT03,INSIDE,Produkt CAT03-4-3 B2H8H8E5F6
6,RECIPE_B2I9B2E5G7,RECIPE,True,B2I9B2E5G7,Produkt CAT04-1-1 B2I9B2E5G7,produkt_cat0411_b2i9b2e5g7,CAT04,INSIDE,Produkt CAT04-1-1 B2I9B2E5G7
7,RECIPE_B2I9E5D4H8,RECIPE,True,B2I9E5D4H8,Produkt CAT04-1-2 B2I9E5D4H8,produkt_cat0412_b2i9e5d4h8,CAT04,INSIDE,Produkt CAT04-1-2 B2I9E5D4H8 | Produkt CAT04-1-3 B2I9E5D4H8
8,RECIPE_B2J0B2G7A1,RECIPE,True,B2J0B2G7A1,Produkt CAT03-1-3 B2J0B2G7A1,produkt_cat0313_b2j0b2g7a1,CAT03,INSIDE,Produkt CAT03-1-3 B2J0B2G7A1
9,RECIPE_B2J0C3H8A1,RECIPE,True,B2J0C3H8A1,Produkt CAT01-4-3 B2J0C3H8A1,produkt_cat0143_b2j0c3h8a1,CAT01,INSIDE,Produkt CAT01-4-3 B2J0C3H8A1
10,RECIPE_B2J0H8D4A1,RECIPE,True,B2J0H8D4A1,Produkt CAT05-1 B2J0H8D4A1,produkt_cat051_b2j0h8d4a1,CAT05,INSIDE,Produkt CAT05-1 B2J0H8D4A1
11,RECIPE_B2J0I9H8D4,RECIPE,True,B2J0I9H8D4,Produkt CAT04-1-2 B2J0I9H8D4,produkt_cat0412_b2j0i9h8d4,CAT04,INSIDE,Produkt CAT04-1-2 B2J0I9H8D4
12,RECIPE_B2J0J0J0G7,RECIPE,True,B2J0J0J0G7,Produkt CAT04-2-4 B2J0J0J0G7,produkt_cat0424_b2j0j0j0g7,CAT04,INSIDE,Produkt CAT04-2-4 B2J0J0J0G7 | Produkt CAT04-3-4 B2J0J0J0G7
13,RECIPE_C3A1A1A1I9,RECIPE,True,C3A1A1A1I9,Produkt CAT04-1-2 C3A1A1A1I9,produkt_cat0412_c3a1a1a1i9,CAT04,INSIDE,Produkt CAT04-1-2 C3A1A1A1I9
14,RECIPE_C3A1B2E5H8,RECIPE,True,C3A1B2E5H8,Produkt CAT04-1-4 C3A1B2E5H8,produkt_cat0414_c3a1b2e5h8,CAT04,INSIDE,Produkt CAT04-1-4 C3A1B2E5H8 | Produkt CAT04-1-5 C3A1B2E5H8
15,RECIPE_C3A1C3I9D4,RECIPE,True,C3A1C3I9D4,Produkt CAT04-2-5 C3A1C3I9D4,produkt_cat0425_c3a1c3i9d4,CAT04,INSIDE,Produkt CAT04-2-5 C3A1C3I9D4
16,RECIPE_C3A1E5C3I9,RECIPE,True,C3A1E5C3I9,Produkt CAT17-2 C3A1E5C3I9,produkt_cat172_c3a1e5c3i9,CAT17,INSIDE,Produkt CAT17-2 C3A1E5C3I9
17,RECIPE_C3A1E5C3J0,RECIPE,True,C3A1E5C3J0,Produkt CAT17-1 C3A1E5C3J0,produkt_cat171_c3a1e5c3j0,CAT17,INSIDE,Produkt CAT17-1 C3A1E5C3J0
18,RECIPE_C3A1E5D4B2,RECIPE,True,C3A1E5D4B2,Produkt CAT17-3 C3A1E5D4B2,produkt_cat173_c3a1e5d4b2,CAT17,INSIDE,Produkt CAT17-3 C3A1E5D4B2
19,RECIPE_C3A1E5D4E5,RECIPE,True,C3A1E5D4E5,Produkt CAT17-4 C3A1E5D4E5,produkt_cat174_c3a1e5d4e5,CAT17,INSIDE,Produkt CAT17-4 C3A1E5D4E5
20,RECIPE_C3A1F6A1B2,RECIPE,True,C3A1F6A1B2,Produkt CAT18-1 C3A1F6A1B2,produkt_cat181_c3a1f6a1b2,CAT18,INSIDE,Produkt CAT18-1 C3A1F6A1B2
21,RECIPE_C3A1F6A1C3,RECIPE,True,C3A1F6A1C3,Produkt CAT18-2 C3A1F6A1C3,produkt_cat182_c3a1f6a1c3,CAT18,INSIDE,Produkt CAT18-2 C3A1F6A1C3
22,RECIPE_C3A1F6A1E5,RECIPE,True,C3A1F6A1E5,Produkt CAT18-3 C3A1F6A1E5,produkt_cat183_c3a1f6a1e5,CAT18,INSIDE,Produkt CAT18-3 C3A1F6A1E5
23,RECIPE_C3A1G7A1A1,RECIPE,True,C3A1G7A1A1,Produkt CAT05-3 C3A1G7A1A1,produkt_cat053_c3a1g7a1a1,CAT05,INSIDE,Produkt CAT05-3 C3A1G7A1A1
24,RECIPE_C3A1G7A1B2,RECIPE,True,C3A1G7A1B2,Produkt CAT05-2 C3A1G7A1B2,produkt_cat052_c3a1g7a1b2,CAT05,INSIDE,Produkt CAT05-2 C3A1G7A1B2
25,RECIPE_C3A1G7A1C3,RECIPE,True,C3A1G7A1C3,Produkt CAT05-1 C3A1G7A1C3,produkt_cat051_c3a1g7a1c3,CAT05,INSIDE,Produkt CAT05-1 C3A1G7A1C3
26,RECIPE_C3A1H8G7H8,RECIPE,True,C3A1H8G7H8,Produkt CAT03-1-3 C3A1H8G7H8,produkt_cat0313_c3a1h8g7h8,CAT03,INSIDE,Produkt CAT03-1-3 C3A1H8G7H8
27,RECIPE_C3A1J0C3B2,RECIPE,True,C3A1J0C3B2,Produkt CAT03-2-1 C3A1J0C3B2,produkt_cat0321_c3a1j0c3b2,CAT03,INSIDE,Produkt CAT03-2-1 C3A1J0C3B2
28,RECIPE_C3B2A1E5G7,RECIPE,True,C3B2A1E5G7,Produkt CAT03-2-1 C3B2A1E5G7,produkt_cat0321_c3b2a1e5g7,CAT03,INSIDE,Produkt CAT03-2-1 C3B2A1E5G7
29,RECIPE_C3B2A1E5J0,RECIPE,True,C3B2A1E5J0,Produkt CAT03-3-2 C3B2A1E5J0,produkt_cat0332_c3b2a1e5j0,CAT03,INSIDE,Produkt CAT03-3-2 C3B2A1E5J0 | Produkt CAT03-3-3 C3B2A1E5J0
30,RECIPE_C3B2B2C3H8,RECIPE,True,C3B2B2C3H8,Produkt CAT04-1-4 C3B2B2C3H8,produkt_cat0414_c3b2b2c3h8,CAT04,INSIDE,Produkt CAT04-1-4 C3B2B2C3H8
31,RECIPE_C3B2B2F6J0,RECIPE,True,C3B2B2F6J0,Produkt CAT04-1-4 C3B2B2F6J0,produkt_cat0414_c3b2b2f6j0,CAT04,INSIDE,Produkt CAT04-1-4 C3B2B2F6J0
32,RECIPE_C3B2B2G7A1,RECIPE,True,C3B2B2G7A1,Produkt CAT03-4-4 C3B2B2G7A1,produkt_cat0344_c3b2b2g7a1,CAT03,INSIDE,Produkt CAT03-4-4 C3B2B2G7A1 | Produkt CAT03-4-5 C3B2B2G7A1
33,RECIPE_C3B2B2H8E5,RECIPE,True,C3B2B2H8E5,Produkt CAT04-1-2 C3B2B2H8E5,produkt_cat0412_c3b2b2h8e5,CAT04,INSIDE,Produkt CAT04-1-2 C3B2B2H8E5
34,RECIPE_C3B2D4H8E5,RECIPE,True,C3B2D4H8E5,Produkt CAT03-2-3 C3B2D4H8E5,produkt_cat0323_c3b2d4h8e5,CAT03,INSIDE,Produkt CAT03-2-3 C3B2D4H8E5 | Produkt CAT03-2-4 C3B2D4H8E5
35,RECIPE_C3B2D4J0F6,RECIPE,True,C3B2D4J0F6,Produkt CAT17-6 C3B2D4J0F6,produkt_cat176_c3b2d4j0f6,CAT17,INSIDE,Produkt CAT17-6 C3B2D4J0F6
36,RECIPE_C3B2F6H8H8,RECIPE,True,C3B2F6H8H8,Produkt CAT04-2-2 C3B2F6H8H8,produkt_cat0422_c3b2f6h8h8,CAT04,INSIDE,Produkt CAT04-2-2 C3B2F6H8H8 | Produkt CAT04-2-3 C3B2F6H8H8
37,RECIPE_C3B2F6I9A1,RECIPE,True,C3B2F6I9A1,Produkt CAT03-3-3 C3B2F6I9A1,produkt_cat0333_c3b2f6i9a1,CAT03,INSIDE,Produkt CAT03-3-3 C3B2F6I9A1
38,RECIPE_C3B2F6I9D4,RECIPE,True,C3B2F6I9D4,Produkt CAT03-2-1 C3B2F6I9D4,produkt_cat0321_c3b2f6i9d4,CAT03,INSIDE,Produkt CAT03-2-1 C3B2F6I9D4 | Produkt CAT03-2-2 C3B2F6I9D4
39,RECIPE_C3B2F6I9F6,RECIPE,True,C3B2F6I9F6,Produkt CAT03-2-5 C3B2F6I9F6,produkt_cat0325_c3b2f6i9f6,CAT03,INSIDE,Produkt CAT03-2-5 C3B2F6I9F6
40,RECIPE_C3B2H8B2C3,RECIPE,True,C3B2H8B2C3,Produkt CAT03-2-1 C3B2H8B2C3,produkt_cat0321_c3b2h8b2c3,CAT03,INSIDE,Produkt CAT03-2-1 C3B2H8B2C3
41,RECIPE_C3B2I9H8J0,RECIPE,True,C3B2I9H8J0,Produkt CAT03-1-5 C3B2I9H8J0,produkt_cat0315_c3b2i9h8j0,CAT03,INSIDE,Produkt CAT03-1-5 C3B2I9H8J0
42,RECIPE_C3C3A1C3I9,RECIPE,True,C3C3A1C3I9,Produkt CAT06-1-3 C3C3A1C3I9,produkt_cat0613_c3c3a1c3i9,CAT06,INSIDE,Produkt CAT06-1-3 C3C3A1C3I9 | Produkt CAT06-1-4 C3C3A1C3I9
43,RECIPE_C3C3D4A1E5,RECIPE,True,C3C3D4A1E5,Produkt CAT01-2-4 C3C3D4A1E5,produkt_cat0124_c3c3d4a1e5,CAT01,INSIDE,Produkt CAT01-2-4 C3C3D4A1E5 | Produkt CAT01-2-5 C3C3D4A1E5
44,RECIPE_C3C3D4D4C3,RECIPE,True,C3C3D4D4C3,Produkt CAT03-4-4 C3C3D4D4C3,produkt_cat0344_c3c3d4d4c3,CAT03,INSIDE,Produkt CAT03-4-4 C3C3D4D4C3
45,RECIPE_C3C3D4D4E5,RECIPE,True,C3C3D4D4E5,Produkt CAT04-2-1 C3C3D4D4E5,produkt_cat0421_c3c3d4d4e5,CAT04,INSIDE,Produkt CAT04-2-1 C3C3D4D4E5 | Produkt CAT04-2-2 C3C3D4D4E5
46,RECIPE_C3C3D4D4G7,RECIPE,True,C3C3D4D4G7,Produkt CAT13-1-1 C3C3D4D4G7,produkt_cat1311_c3c3d4d4g7,CAT13,INSIDE,Produkt CAT13-1-1 C3C3D4D4G7
47,RECIPE_C3C3E5H8A1,RECIPE,True,C3C3E5H8A1,Produkt CAT13-1-4 C3C3E5H8A1,produkt_cat1314_c3c3e5h8a1,CAT13,INSIDE,Produkt CAT13-1-4 C3C3E5H8A1 | Produkt CAT13-1-5 C3C3E5H8A1
48,RECIPE_C3C3E5J0D4,RECIPE,True,C3C3E5J0D4,Dodatek 01,dodatek_01,DODATEK,INSIDE,Dodatek 01
49,RECIPE_C3C3F6J0I9,RECIPE,True,C3C3F6J0I9,Produkt CAT13-1-3 C3C3F6J0I9,produkt_cat1313_c3c3f6j0i9,CAT13,INSIDE,Produkt CAT13-1-3 C3C3F6J0I9 | Produkt CAT13-1-4 C3C3F6J0I9
50,RECIPE_C3C3G7F6E5,RECIPE,True,C3C3G7F6E5,Produkt CAT13-2-2 C3C3G7F6E5,produkt_cat1322_c3c3g7f6e5,CAT13,INSIDE,Produkt CAT13-2-2 C3C3G7F6E5 | Produkt CAT13-2-3 C3C3G7F6E5
51,RECIPE_C3C3I9A1H8,RECIPE,True,C3C3I9A1H8,Produkt CAT13-2-1 C3C3I9A1H8,produkt_cat1321_c3c3i9a1h8,CAT13,INSIDE,Produkt CAT13-2-1 C3C3I9A1H8 | Produkt CAT13-2-2 C3C3I9A1H8
52,RECIPE_C3D4B2C3G7,RECIPE,True,C3D4B2C3G7,Produkt CAT06-1-1 C3D4B2C3G7,produkt_cat0611_c3d4b2c3g7,CAT06,INSIDE,Produkt CAT06-1-1 C3D4B2C3G7 | Produkt CAT06-1-2 C3D4B2C3G7
53,RECIPE_C3D4B2F6D4,RECIPE,True,C3D4B2F6D4,Produkt CAT06-1-2 C3D4B2F6D4,produkt_cat0612_c3d4b2f6d4,CAT06,INSIDE,Produkt CAT06-1-2 C3D4B2F6D4 | Produkt CAT06-1-3 C3D4B2F6D4
54,RECIPE_C3D4D4A1B2,RECIPE,True,C3D4D4A1B2,Produkt CAT07-2-5 C3D4D4A1B2,produkt_cat0725_c3d4d4a1b2,CAT07,INSIDE,Produkt CAT07-2-5 C3D4D4A1B2
55,RECIPE_C3D4E5H8G7,RECIPE,True,C3D4E5H8G7,Produkt CAT13-2-1 C3D4E5H8G7,produkt_cat1321_c3d4e5h8g7,CAT13,INSIDE,Produkt CAT13-2-1 C3D4E5H8G7
56,RECIPE_C3D4F6H8B2,RECIPE,True,C3D4F6H8B2,Produkt CAT24-1 C3D4F6H8B2,produkt_cat241_c3d4f6h8b2,CAT24,INSIDE,Produkt CAT24-1 C3D4F6H8B2
57,RECIPE_C3D4F6H8C3,RECIPE,True,C3D4F6H8C3,Produkt CAT24-2 C3D4F6H8C3,produkt_cat242_c3d4f6h8c3,CAT24,INSIDE,Produkt CAT24-2 C3D4F6H8C3
58,RECIPE_C3E5C3B2I9,RECIPE,True,C3E5C3B2I9,Produkt CAT16-1 C3E5C3B2I9,produkt_cat161_c3e5c3b2i9,CAT16,INSIDE,Produkt CAT16-1 C3E5C3B2I9
59,RECIPE_C3E5C3H8E5,RECIPE,True,C3E5C3H8E5,Produkt CAT01-1-1 C3E5C3H8E5,produkt_cat0111_c3e5c3h8e5,CAT01,INSIDE,Produkt CAT01-1-1 C3E5C3H8E5 | Produkt CAT01-1-2 C3E5C3H8E5
60,RECIPE_C3E5C3I9G7,RECIPE,True,C3E5C3I9G7,Produkt CAT06-1-4 C3E5C3I9G7,produkt_cat0614_c3e5c3i9g7,CAT06,INSIDE,Produkt CAT06-1-4 C3E5C3I9G7 | Produkt CAT06-1-5 C3E5C3I9G7
61,RECIPE_C3E5C3J0J0,RECIPE,True,C3E5C3J0J0,Produkt CAT08-2-3 C3E5C3J0J0,produkt_cat0823_c3e5c3j0j0,CAT08,INSIDE,Produkt CAT08-2-3 C3E5C3J0J0
62,RECIPE_C3E5D4A1I9,RECIPE,True,C3E5D4A1I9,Produkt CAT01-1-2 C3E5D4A1I9,produkt_cat0112_c3e5d4a1i9,CAT01,INSIDE,Produkt CAT01-1-2 C3E5D4A1I9 | Produkt CAT01-1-3 C3E5D4A1I9
63,RECIPE_C3E5D4H8E5,RECIPE,True,C3E5D4H8E5,Produkt CAT01-2-3 C3E5D4H8E5,produkt_cat0123_c3e5d4h8e5,CAT01,INSIDE,Produkt CAT01-2-3 C3E5D4H8E5 | Produkt CAT01-2-4 C3E5D4H8E5
64,RECIPE_C3E5D4J0F6,RECIPE,True,C3E5D4J0F6,Produkt CAT06-1-4 C3E5D4J0F6,produkt_cat0614_c3e5d4j0f6,CAT06,INSIDE,Produkt CAT06-1-4 C3E5D4J0F6 | Produkt CAT06-1-5 C3E5D4J0F6
65,RECIPE_C3E5E5A1C3,RECIPE,True,C3E5E5A1C3,Produkt CAT01-1-3 C3E5E5A1C3,produkt_cat0113_c3e5e5a1c3,CAT01,INSIDE,Produkt CAT01-1-3 C3E5E5A1C3 | Produkt CAT01-1-4 C3E5E5A1C3
66,RECIPE_C3E5E5F6G7,RECIPE,True,C3E5E5F6G7,Produkt CAT13-2-1 C3E5E5F6G7,produkt_cat1321_c3e5e5f6g7,CAT13,INSIDE,Produkt CAT13-2-1 C3E5E5F6G7
67,RECIPE_C3E5F6A1D4,RECIPE,True,C3E5F6A1D4,Produkt CAT03-3-3 C3E5F6A1D4,produkt_cat0333_c3e5f6a1d4,CAT03,INSIDE,Produkt CAT03-3-3 C3E5F6A1D4
68,RECIPE_C3E5F6F6G7,RECIPE,True,C3E5F6F6G7,Produkt CAT14-3 C3E5F6F6G7,produkt_cat143_c3e5f6f6g7,CAT14,INSIDE,Produkt CAT14-3 C3E5F6F6G7
69,RECIPE_C3E5G7F6I9,RECIPE,True,C3E5G7F6I9,Produkt CAT03-2-1 C3E5G7F6I9,produkt_cat0321_c3e5g7f6i9,CAT03,INSIDE,Produkt CAT03-2-1 C3E5G7F6I9 | Produkt CAT03-2-2 C3E5G7F6I9
70,RECIPE_C3E5I9G7D4,RECIPE,True,C3E5I9G7D4,Dodatek 02,dodatek_02,DODATEK,INSIDE,Dodatek 02
71,RECIPE_C3E5I9H8G7,RECIPE,True,C3E5I9H8G7,Dodatek 02,dodatek_02,DODATEK,INSIDE,Dodatek 02
72,RECIPE_C3E5I9H8H8,RECIPE,True,C3E5I9H8H8,Dodatek 03,dodatek_03,DODATEK,INSIDE,Dodatek 03
73,RECIPE_C3F6A1E5E5,RECIPE,True,C3F6A1E5E5,Produkt CAT06-1-1 C3F6A1E5E5,produkt_cat0611_c3f6a1e5e5,CAT06,INSIDE,Produkt CAT06-1-1 C3F6A1E5E5
74,RECIPE_C3F6B2D4B2,RECIPE,True,C3F6B2D4B2,Produkt CAT24-1 C3F6B2D4B2,produkt_cat241_c3f6b2d4b2,CAT24,INSIDE,Produkt CAT24-1 C3F6B2D4B2
75,RECIPE_C3F6B2D4C3,RECIPE,True,C3F6B2D4C3,Produkt CAT24-2 C3F6B2D4C3,produkt_cat242_c3f6b2d4c3,CAT24,INSIDE,Produkt CAT24-2 C3F6B2D4C3
76,RECIPE_C3F6B2F6C3,RECIPE,True,C3F6B2F6C3,Produkt CAT03-1-4 C3F6B2F6C3,produkt_cat0314_c3f6b2f6c3,CAT03,INSIDE,Produkt CAT03-1-4 C3F6B2F6C3
77,RECIPE_C3F6B2G7E5,RECIPE,True,C3F6B2G7E5,Dodatek 01,dodatek_01,DODATEK,INSIDE,Dodatek 01
78,RECIPE_C3F6B2G7F6,RECIPE,True,C3F6B2G7F6,Dodatek 01,dodatek_01,DODATEK,INSIDE,Dodatek 01
79,RECIPE_C3F6C3A1I9,RECIPE,True,C3F6C3A1I9,Dodatek 01,dodatek_01,DODATEK,INSIDE,Dodatek 01
80,RECIPE_C3F6C3E5E5,RECIPE,True,C3F6C3E5E5,Produkt CAT04-2-1 C3F6C3E5E5,produkt_cat0421_c3f6c3e5e5,CAT04,INSIDE,Produkt CAT04-2-1 C3F6C3E5E5
81,RECIPE_C3F6D4G7D4,RECIPE,True,C3F6D4G7D4,Produkt CAT17-3 C3F6D4G7D4,produkt_cat173_c3f6d4g7d4,CAT17,INSIDE,Produkt CAT17-3 C3F6D4G7D4
82,RECIPE_C3F6E5F6D4,RECIPE,True,C3F6E5F6D4,Dodatek 01,dodatek_01,DODATEK,INSIDE,Dodatek 01
83,RECIPE_C3F6F6A1F6,RECIPE,True,C3F6F6A1F6,Produkt CAT13-1-4 C3F6F6A1F6,produkt_cat1314_c3f6f6a1f6,CAT13,INSIDE,Produkt CAT13-1-4 C3F6F6A1F6
84,RECIPE_C3F6F6G7A1,RECIPE,True,C3F6F6G7A1,Dodatek 01,dodatek_01,DODATEK,INSIDE,Dodatek 01
85,RECIPE_C3F6I9B2I9,RECIPE,True,C3F6I9B2I9,Produkt CAT04-1-5 C3F6I9B2I9,produkt_cat0415_c3f6i9b2i9,CAT04,INSIDE,Produkt CAT04-1-5 C3F6I9B2I9
86,RECIPE_C3F6J0C3B2,RECIPE,True,C3F6J0C3B2,Produkt CAT04-2-1 C3F6J0C3B2,produkt_cat0421_c3f6j0c3b2,CAT04,INSIDE,Produkt CAT04-2-1 C3F6J0C3B2 | Produkt CAT04-2-2 C3F6J0C3B2
87,RECIPE_C3F6J0C3E5,RECIPE,True,C3F6J0C3E5,Produkt CAT03-4-5 C3F6J0C3E5,produkt_cat0345_c3f6j0c3e5,CAT03,INSIDE,Produkt CAT03-4-5 C3F6J0C3E5
88,RECIPE_C3F6J0D4I9,RECIPE,True,C3F6J0D4I9,Produkt CAT07-1-1 C3F6J0D4I9,produkt_cat0711_c3f6j0d4i9,CAT07,INSIDE,Produkt CAT07-1-1 C3F6J0D4I9
89,RECIPE_C3F6J0E5A1,RECIPE,True,C3F6J0E5A1,Produkt CAT09-1-5 C3F6J0E5A1,produkt_cat0915_c3f6j0e5a1,CAT09,INSIDE,Produkt CAT09-1-5 C3F6J0E5A1
90,RECIPE_C3F6J0E5F6,RECIPE,True,C3F6J0E5F6,Produkt CAT01-1-1 C3F6J0E5F6,produkt_cat0111_c3f6j0e5f6,CAT01,INSIDE,Produkt CAT01-1-1 C3F6J0E5F6
91,RECIPE_C3F6J0F6E5,RECIPE,True,C3F6J0F6E5,Produkt CAT13-3-2 C3F6J0F6E5,produkt_cat1332_c3f6j0f6e5,CAT13,INSIDE,Produkt CAT13-3-2 C3F6J0F6E5
92,RECIPE_C3F6J0J0A1,RECIPE,True,C3F6J0J0A1,Produkt CAT01-2-1 C3F6J0J0A1,produkt_cat0121_c3f6j0j0a1,CAT01,INSIDE,Produkt CAT01-2-1 C3F6J0J0A1 | Produkt CAT01-2-2 C3F6J0J0A1
93,RECIPE_C3F6J0J0F6,RECIPE,True,C3F6J0J0F6,Produkt CAT01-2-1 C3F6J0J0F6,produkt_cat0121_c3f6j0j0f6,CAT01,INSIDE,Produkt CAT01-2-1 C3F6J0J0F6 | Produkt CAT01-2-2 C3F6J0J0F6
94,RECIPE_C3G7A1B2F6,RECIPE,True,C3G7A1B2F6,Produkt CAT01-1-1 C3G7A1B2F6,produkt_cat0111_c3g7a1b2f6,CAT01,INSIDE,Produkt CAT01-1-1 C3G7A1B2F6
95,RECIPE_C3G7A1D4E5,RECIPE,True,C3G7A1D4E5,Produkt CAT01-1-1 C3G7A1D4E5,produkt_cat0111_c3g7a1d4e5,CAT01,INSIDE,Produkt CAT01-1-1 C3G7A1D4E5 | Produkt CAT01-1-2 C3G7A1D4E5
96,RECIPE_C3G7A1D4G7,RECIPE,True,C3G7A1D4G7,Produkt CAT09-1-1 C3G7A1D4G7,produkt_cat0911_c3g7a1d4g7,CAT09,INSIDE,Produkt CAT09-1-1 C3G7A1D4G7
97,RECIPE_C3G7A1E5G7,RECIPE,True,C3G7A1E5G7,Produkt CAT01-2-2 C3G7A1E5G7,produkt_cat0122_c3g7a1e5g7,CAT01,INSIDE,Produkt CAT01-2-2 C3G7A1E5G7 | Produkt CAT01-2-3 C3G7A1E5G7
98,RECIPE_C3G7A1F6H8,RECIPE,True,C3G7A1F6H8,Produkt CAT07-2-3 C3G7A1F6H8,produkt_cat0723_c3g7a1f6h8,CAT07,INSIDE,Produkt CAT07-2-3 C3G7A1F6H8
99,RECIPE_C3G7A1H8D4,RECIPE,True,C3G7A1H8D4,Produkt CAT09-1-3 C3G7A1H8D4,produkt_cat0913_c3g7a1h8d4,CAT09,INSIDE,Produkt CAT09-1-3 C3G7A1H8D4 | Produkt CAT09-1-5 C3G7A1H8D4
100,RECIPE_C3G7A1H8E5,RECIPE,True,C3G7A1H8E5,Produkt CAT02-1-1 C3G7A1H8E5,produkt_cat0211_c3g7a1h8e5,CAT02,INSIDE,Produkt CAT02-1-1 C3G7A1H8E5
101,RECIPE_C3G7B2A1F6,RECIPE,True,C3G7B2A1F6,Dodatek 01,dodatek_01,DODATEK,INSIDE,Dodatek 01
102,RECIPE_C3G7B2E5F6,RECIPE,True,C3G7B2E5F6,Produkt CAT03-2-2 C3G7B2E5F6,produkt_cat0322_c3g7b2e5f6,CAT03,INSIDE,Produkt CAT03-2-2 C3G7B2E5F6 | Produkt CAT03-2-3 C3G7B2E5F6
103,RECIPE_C3G7B2E5G7,RECIPE,True,C3G7B2E5G7,Produkt CAT17-6 C3G7B2E5G7,produkt_cat176_c3g7b2e5g7,CAT17,INSIDE,Produkt CAT17-6 C3G7B2E5G7
104,RECIPE_C3G7E5J0E5,RECIPE,True,C3G7E5J0E5,Produkt CAT17-4 C3G7E5J0E5,produkt_cat174_c3g7e5j0e5,CAT17,INSIDE,Produkt CAT17-4 C3G7E5J0E5
105,RECIPE_C3G7F6A1A1,RECIPE,True,C3G7F6A1A1,Produkt CAT13-1-1 C3G7F6A1A1,produkt_cat1311_c3g7f6a1a1,CAT13,INSIDE,Produkt CAT13-1-1 C3G7F6A1A1
106,RECIPE_C3G7F6G7B2,RECIPE,True,C3G7F6G7B2,Produkt CAT03-2-1 C3G7F6G7B2,produkt_cat0321_c3g7f6g7b2,CAT03,INSIDE,Produkt CAT03-2-1 C3G7F6G7B2 | Produkt CAT03-2-2 C3G7F6G7B2 | Produkt CAT03-2-4 C3G7F6G7B2
107,RECIPE_C3G7H8H8G7,RECIPE,True,C3G7H8H8G7,Produkt CAT04-1-2 C3G7H8H8G7,produkt_cat0412_c3g7h8h8g7,CAT04,INSIDE,Produkt CAT04-1-2 C3G7H8H8G7 | Produkt CAT04-1-3 C3G7H8H8G7
108,RECIPE_C3G7H8H8J0,RECIPE,True,C3G7H8H8J0,Produkt CAT04-1-5 C3G7H8H8J0,produkt_cat0415_c3g7h8h8j0,CAT04,INSIDE,Produkt CAT04-1-5 C3G7H8H8J0
109,RECIPE_C3G7H8I9B2,RECIPE,True,C3G7H8I9B2,Produkt CAT04-2-2 C3G7H8I9B2,produkt_cat0422_c3g7h8i9b2,CAT04,INSIDE,Produkt CAT04-2-2 C3G7H8I9B2 | Produkt CAT04-2-3 C3G7H8I9B2 | Produkt CAT04-2-4 C3G7H8I9B2
110,RECIPE_C3G7H8I9E5,RECIPE,True,C3G7H8I9E5,Produkt CAT04-2-1 C3G7H8I9E5,produkt_cat0421_c3g7h8i9e5,CAT04,INSIDE,Produkt CAT04-2-1 C3G7H8I9E5 | Produkt CAT04-2-5 C3G7H8I9E5
111,RECIPE_C3G7I9C3J0,RECIPE,True,C3G7I9C3J0,Produkt CAT03-2-4 C3G7I9C3J0,produkt_cat0324_c3g7i9c3j0,CAT03,INSIDE,Produkt CAT03-2-4 C3G7I9C3J0
112,RECIPE_C3G7I9J0C3,RECIPE,True,C3G7I9J0C3,Produkt CAT04-2-1 C3G7I9J0C3,produkt_cat0421_c3g7i9j0c3,CAT04,INSIDE,Produkt CAT04-2-1 C3G7I9J0C3
113,RECIPE_C3G7J0A1E5,RECIPE,True,C3G7J0A1E5,Produkt CAT17-5 C3G7J0A1E5,produkt_cat175_c3g7j0a1e5,CAT17,INSIDE,Produkt CAT17-5 C3G7J0A1E5
114,RECIPE_C3H8E5B2B2,RECIPE,True,C3H8E5B2B2,Produkt CAT03-1-2 C3H8E5B2B2,produkt_cat0312_c3h8e5b2b2,CAT03,INSIDE,Produkt CAT03-1-2 C3H8E5B2B2 | Produkt CAT03-1-3 C3H8E5B2B2
115,RECIPE_C3H8E5B2F6,RECIPE,True,C3H8E5B2F6,Produkt CAT03-1-1 C3H8E5B2F6,produkt_cat0311_c3h8e5b2f6,CAT03,INSIDE,Produkt CAT03-1-1 C3H8E5B2F6
116,RECIPE_C3H8E5B2G7,RECIPE,True,C3H8E5B2G7,Produkt CAT07-1-4 C3H8E5B2G7,produkt_cat0714_c3h8e5b2g7,CAT07,INSIDE,Produkt CAT07-1-4 C3H8E5B2G7 | Produkt CAT07-1-5 C3H8E5B2G7
117,RECIPE_C3H8E5J0B2,RECIPE,True,C3H8E5J0B2,Produkt CAT13-1-4 C3H8E5J0B2,produkt_cat1314_c3h8e5j0b2,CAT13,INSIDE,Produkt CAT13-1-4 C3H8E5J0B2 | Produkt CAT13-1-5 C3H8E5J0B2
118,RECIPE_C3H8F6E5F6,RECIPE,True,C3H8F6E5F6,Produkt CAT04-2-4 C3H8F6E5F6,produkt_cat0424_c3h8f6e5f6,CAT04,INSIDE,Produkt CAT04-2-4 C3H8F6E5F6 | Produkt CAT04-2-5 C3H8F6E5F6
119,RECIPE_C3H8F6F6C3,RECIPE,True,C3H8F6F6C3,Produkt CAT13-2-1 C3H8F6F6C3,produkt_cat1321_c3h8f6f6c3,CAT13,INSIDE,Produkt CAT13-2-1 C3H8F6F6C3
120,RECIPE_C3H8G7A1E5,RECIPE,True,C3H8G7A1E5,Produkt CAT03-1-1 C3H8G7A1E5,produkt_cat0311_c3h8g7a1e5,CAT03,INSIDE,Produkt CAT03-1-1 C3H8G7A1E5
121,RECIPE_C3H8G7B2I9,RECIPE,True,C3H8G7B2I9,Produkt CAT01-3-1 C3H8G7B2I9,produkt_cat0131_c3h8g7b2i9,CAT01,INSIDE,Produkt CAT01-3-1 C3H8G7B2I9
122,RECIPE_C3H8G7E5C3,RECIPE,True,C3H8G7E5C3,Produkt CAT02-1-2 C3H8G7E5C3,produkt_cat0212_c3h8g7e5c3,CAT02,INSIDE,Produkt CAT02-1-2 C3H8G7E5C3 | Produkt CAT02-1-3 C3H8G7E5C3
123,RECIPE_C3H8G7E5F6,RECIPE,True,C3H8G7E5F6,Produkt CAT02-1-3 C3H8G7E5F6,produkt_cat0213_c3h8g7e5f6,CAT02,INSIDE,Produkt CAT02-1-3 C3H8G7E5F6 | Produkt CAT02-1-4 C3H8G7E5F6
124,RECIPE_C3H8G7G7D4,RECIPE,True,C3H8G7G7D4,Produkt CAT02-1-3 C3H8G7G7D4,produkt_cat0213_c3h8g7g7d4,CAT02,INSIDE,Produkt CAT02-1-3 C3H8G7G7D4 | Produkt CAT02-1-4 C3H8G7G7D4
125,RECIPE_C3H8G7G7I9,RECIPE,True,C3H8G7G7I9,Produkt CAT13-1-1 C3H8G7G7I9,produkt_cat1311_c3h8g7g7i9,CAT13,INSIDE,Produkt CAT13-1-1 C3H8G7G7I9 | Produkt CAT13-1-2 C3H8G7G7I9
126,RECIPE_C3H8G7I9E5,RECIPE,True,C3H8G7I9E5,Produkt CAT01-3-1 C3H8G7I9E5,produkt_cat0131_c3h8g7i9e5,CAT01,INSIDE,Produkt CAT01-3-1 C3H8G7I9E5 | Produkt CAT01-3-2 C3H8G7I9E5
127,RECIPE_C3H8I9A1G7,RECIPE,True,C3H8I9A1G7,Produkt CAT14-2 C3H8I9A1G7,produkt_cat142_c3h8i9a1g7,CAT14,INSIDE,Produkt CAT14-2 C3H8I9A1G7 | Produkt CAT14-3 C3H8I9A1G7
128,RECIPE_C3H8I9F6G7,RECIPE,True,C3H8I9F6G7,Produkt CAT01-2-5 C3H8I9F6G7,produkt_cat0125_c3h8i9f6g7,CAT01,INSIDE,Produkt CAT01-2-5 C3H8I9F6G7
129,RECIPE_C3H8I9J0A1,RECIPE,True,C3H8I9J0A1,Produkt CAT13-1-4 C3H8I9J0A1,produkt_cat1314_c3h8i9j0a1,CAT13,INSIDE,Produkt CAT13-1-4 C3H8I9J0A1
130,RECIPE_C3H8J0A1C3,RECIPE,True,C3H8J0A1C3,Produkt CAT04-1-2 C3H8J0A1C3,produkt_cat0412_c3h8j0a1c3,CAT04,INSIDE,Produkt CAT04-1-2 C3H8J0A1C3
131,RECIPE_C3H8J0A1J0,RECIPE,True,C3H8J0A1J0,Produkt CAT13-1-1 C3H8J0A1J0,produkt_cat1311_c3h8j0a1j0,CAT13,INSIDE,Produkt CAT13-1-1 C3H8J0A1J0 | Produkt CAT13-1-2 C3H8J0A1J0
132,RECIPE_C3H8J0B2H8,RECIPE,True,C3H8J0B2H8,Produkt CAT15-1 C3H8J0B2H8,produkt_cat151_c3h8j0b2h8,CAT15,INSIDE,Produkt CAT15-1 C3H8J0B2H8
133,RECIPE_C3H8J0B2J0,RECIPE,True,C3H8J0B2J0,Produkt CAT15-4 C3H8J0B2J0,produkt_cat154_c3h8j0b2j0,CAT15,INSIDE,Produkt CAT15-4 C3H8J0B2J0
134,RECIPE_C3H8J0C3A1,RECIPE,True,C3H8J0C3A1,Produkt CAT15-3 C3H8J0C3A1,produkt_cat153_c3h8j0c3a1,CAT15,INSIDE,Produkt CAT15-3 C3H8J0C3A1
135,RECIPE_C3H8J0C3C3,RECIPE,True,C3H8J0C3C3,Produkt CAT15-2 C3H8J0C3C3,produkt_cat152_c3h8j0c3c3,CAT15,INSIDE,Produkt CAT15-2 C3H8J0C3C3
136,RECIPE_C3H8J0D4C3,RECIPE,True,C3H8J0D4C3,Produkt CAT15-4 C3H8J0D4C3,produkt_cat154_c3h8j0d4c3,CAT15,INSIDE,Produkt CAT15-4 C3H8J0D4C3
137,RECIPE_C3H8J0F6I9,RECIPE,True,C3H8J0F6I9,Produkt CAT13-1-1 C3H8J0F6I9,produkt_cat1311_c3h8j0f6i9,CAT13,INSIDE,Produkt CAT13-1-1 C3H8J0F6I9 | Produkt CAT13-1-2 C3H8J0F6I9
138,RECIPE_C3I9A1J0I9,RECIPE,True,C3I9A1J0I9,Produkt CAT13-1-2 C3I9A1J0I9,produkt_cat1312_c3i9a1j0i9,CAT13,INSIDE,Produkt CAT13-1-2 C3I9A1J0I9 | Produkt CAT13-1-3 C3I9A1J0I9
139,RECIPE_C3I9B2C3B2,RECIPE,True,C3I9B2C3B2,Produkt CAT01-3-4 C3I9B2C3B2,produkt_cat0134_c3i9b2c3b2,CAT01,INSIDE,Produkt CAT01-3-4 C3I9B2C3B2 | Produkt CAT01-3-5 C3I9B2C3B2
140,RECIPE_C3I9C3D4F6,RECIPE,True,C3I9C3D4F6,Produkt CAT13-2-1 C3I9C3D4F6,produkt_cat1321_c3i9c3d4f6,CAT13,INSIDE,Produkt CAT13-2-1 C3I9C3D4F6 | Produkt CAT13-2-2 C3I9C3D4F6
141,RECIPE_C3I9D4H8J0,RECIPE,True,C3I9D4H8J0,Produkt CAT03-2-1 C3I9D4H8J0,produkt_cat0321_c3i9d4h8j0,CAT03,INSIDE,Produkt CAT03-2-1 C3I9D4H8J0
142,RECIPE_C3I9E5F6D4,RECIPE,True,C3I9E5F6D4,Produkt CAT13-2-1 C3I9E5F6D4,produkt_cat1321_c3i9e5f6d4,CAT13,INSIDE,Produkt CAT13-2-1 C3I9E5F6D4
143,RECIPE_C3I9F6E5G7,RECIPE,True,C3I9F6E5G7,Produkt CAT13-2-1 C3I9F6E5G7,produkt_cat1321_c3i9f6e5g7,CAT13,INSIDE,Produkt CAT13-2-1 C3I9F6E5G7 | Produkt CAT13-2-2 C3I9F6E5G7
144,RECIPE_C3I9F6G7G7,RECIPE,True,C3I9F6G7G7,Produkt CAT04-2-2 C3I9F6G7G7,produkt_cat0422_c3i9f6g7g7,CAT04,INSIDE,Produkt CAT04-2-2 C3I9F6G7G7 | Produkt CAT04-2-3 C3I9F6G7G7
145,RECIPE_C3I9G7D4C3,RECIPE,True,C3I9G7D4C3,Produkt CAT13-1-1 C3I9G7D4C3,produkt_cat1311_c3i9g7d4c3,CAT13,INSIDE,Produkt CAT13-1-1 C3I9G7D4C3
146,RECIPE_C3I9G7D4E5,RECIPE,True,C3I9G7D4E5,Produkt CAT13-1-1 C3I9G7D4E5,produkt_cat1311_c3i9g7d4e5,CAT13,INSIDE,Produkt CAT13-1-1 C3I9G7D4E5
147,RECIPE_C3I9G7D4F6,RECIPE,True,C3I9G7D4F6,Dodatek 01,dodatek_01,DODATEK,INSIDE,Dodatek 01
148,RECIPE_C3I9G7E5H8,RECIPE,True,C3I9G7E5H8,Produkt CAT13-2-4 C3I9G7E5H8,produkt_cat1324_c3i9g7e5h8,CAT13,INSIDE,Produkt CAT13-2-4 C3I9G7E5H8
149,RECIPE_C3I9G7H8D4,RECIPE,True,C3I9G7H8D4,Produkt CAT03-2-5 C3I9G7H8D4,produkt_cat0325_c3i9g7h8d4,CAT03,INSIDE,Produkt CAT03-2-5 C3I9G7H8D4
150,RECIPE_C3I9G7H8E5,RECIPE,True,C3I9G7H8E5,Produkt CAT14-2 C3I9G7H8E5,produkt_cat142_c3i9g7h8e5,CAT14,INSIDE,Produkt CAT14-2 C3I9G7H8E5
151,RECIPE_C3I9I9B2E5,RECIPE,True,C3I9I9B2E5,Produkt CAT03-1-1 C3I9I9B2E5,produkt_cat0311_c3i9i9b2e5,CAT03,INSIDE,Produkt CAT03-1-1 C3I9I9B2E5
152,RECIPE_C3I9I9C3A1,RECIPE,True,C3I9I9C3A1,Produkt CAT02-1-1 C3I9I9C3A1,produkt_cat0211_c3i9i9c3a1,CAT02,INSIDE,Produkt CAT02-1-1 C3I9I9C3A1 | Produkt CAT02-1-2 C3I9I9C3A1
153,RECIPE_C3I9I9D4H8,RECIPE,True,C3I9I9D4H8,Produkt CAT01-4-5 C3I9I9D4H8,produkt_cat0145_c3i9i9d4h8,CAT01,INSIDE,Produkt CAT01-4-5 C3I9I9D4H8
154,RECIPE_C3I9I9G7D4,RECIPE,True,C3I9I9G7D4,Produkt CAT01-2-2 C3I9I9G7D4,produkt_cat0122_c3i9i9g7d4,CAT01,INSIDE,Produkt CAT01-2-2 C3I9I9G7D4 | Produkt CAT01-2-3 C3I9I9G7D4
155,RECIPE_C3I9I9H8C3,RECIPE,True,C3I9I9H8C3,Produkt CAT01-4-5 C3I9I9H8C3,produkt_cat0145_c3i9i9h8c3,CAT01,INSIDE,Produkt CAT01-4-5 C3I9I9H8C3
156,RECIPE_C3I9I9H8D4,RECIPE,True,C3I9I9H8D4,Produkt CAT01-2-1 C3I9I9H8D4,produkt_cat0121_c3i9i9h8d4,CAT01,INSIDE,Produkt CAT01-2-1 C3I9I9H8D4
157,RECIPE_C3I9I9J0I9,RECIPE,True,C3I9I9J0I9,Produkt CAT14-2 C3I9I9J0I9,produkt_cat142_c3i9i9j0i9,CAT14,INSIDE,Produkt CAT14-2 C3I9I9J0I9
158,RECIPE_C3I9J0E5D4,RECIPE,True,C3I9J0E5D4,Produkt CAT03-1-1 C3I9J0E5D4,produkt_cat0311_c3i9j0e5d4,CAT03,INSIDE,Produkt CAT03-1-1 C3I9J0E5D4
159,RECIPE_C3J0A1B2I9,RECIPE,True,C3J0A1B2I9,Produkt CAT13-3-4 C3J0A1B2I9,produkt_cat1334_c3j0a1b2i9,CAT13,INSIDE,Produkt CAT13-3-4 C3J0A1B2I9
160,RECIPE_C3J0A1B2J0,RECIPE,True,C3J0A1B2J0,Produkt CAT13-3-2 C3J0A1B2J0,produkt_cat1332_c3j0a1b2j0,CAT13,INSIDE,Produkt CAT13-3-2 C3J0A1B2J0
161,RECIPE_C3J0A1C3A1,RECIPE,True,C3J0A1C3A1,Produkt CAT09-1-3 C3J0A1C3A1,produkt_cat0913_c3j0a1c3a1,CAT09,INSIDE,Produkt CAT09-1-3 C3J0A1C3A1
162,RECIPE_C3J0A1C3C3,RECIPE,True,C3J0A1C3C3,Produkt CAT14-2 C3J0A1C3C3,produkt_cat142_c3j0a1c3c3,CAT14,INSIDE,Produkt CAT14-2 C3J0A1C3C3
163,RECIPE_C3J0A1E5C3,RECIPE,True,C3J0A1E5C3,Produkt CAT03-4-3 C3J0A1E5C3,produkt_cat0343_c3j0a1e5c3,CAT03,INSIDE,Produkt CAT03-4-3 C3J0A1E5C3
164,RECIPE_C3J0A1I9F6,RECIPE,True,C3J0A1I9F6,Produkt CAT13-1-1 C3J0A1I9F6,produkt_cat1311_c3j0a1i9f6,CAT13,INSIDE,Produkt CAT13-1-1 C3J0A1I9F6
165,RECIPE_C3J0B2B2G7,RECIPE,True,C3J0B2B2G7,Produkt CAT16-2 C3J0B2B2G7,produkt_cat162_c3j0b2b2g7,CAT16,INSIDE,Produkt CAT16-2 C3J0B2B2G7
166,RECIPE_C3J0B2I9J0,RECIPE,True,C3J0B2I9J0,Produkt CAT14-2 C3J0B2I9J0,produkt_cat142_c3j0b2i9j0,CAT14,INSIDE,Produkt CAT14-2 C3J0B2I9J0
167,RECIPE_C3J0B2J0F6,RECIPE,True,C3J0B2J0F6,Produkt CAT16-3 C3J0B2J0F6,produkt_cat163_c3j0b2j0f6,CAT16,INSIDE,Produkt CAT16-3 C3J0B2J0F6
168,RECIPE_C3J0C3A1D4,RECIPE,True,C3J0C3A1D4,Produkt CAT06-1-2 C3J0C3A1D4,produkt_cat0612_c3j0c3a1d4,CAT06,INSIDE,Produkt CAT06-1-2 C3J0C3A1D4 | Produkt CAT06-1-3 C3J0C3A1D4
169,RECIPE_C3J0C3B2G7,RECIPE,True,C3J0C3B2G7,Produkt CAT14-1 C3J0C3B2G7,produkt_cat141_c3j0c3b2g7,CAT14,INSIDE,Produkt CAT14-1 C3J0C3B2G7
170,RECIPE_C3J0C3J0F6,RECIPE,True,C3J0C3J0F6,Produkt CAT13-1-4 C3J0C3J0F6,produkt_cat1314_c3j0c3j0f6,CAT13,INSIDE,Produkt CAT13-1-4 C3J0C3J0F6 | Produkt CAT13-1-5 C3J0C3J0F6
171,RECIPE_C3J0C3J0H8,RECIPE,True,C3J0C3J0H8,Produkt CAT14-1 C3J0C3J0H8,produkt_cat141_c3j0c3j0h8,CAT14,INSIDE,Produkt CAT14-1 C3J0C3J0H8
172,RECIPE_C3J0D4G7G7,RECIPE,True,C3J0D4G7G7,Produkt CAT15-2 C3J0D4G7G7,produkt_cat152_c3j0d4g7g7,CAT15,INSIDE,Produkt CAT15-2 C3J0D4G7G7
173,RECIPE_C3J0D4H8A1,RECIPE,True,C3J0D4H8A1,Produkt CAT15-3 C3J0D4H8A1,produkt_cat153_c3j0d4h8a1,CAT15,INSIDE,Produkt CAT15-3 C3J0D4H8A1
174,RECIPE_C3J0D4H8F6,RECIPE,True,C3J0D4H8F6,Produkt CAT15-1 C3J0D4H8F6,produkt_cat151_c3j0d4h8f6,CAT15,INSIDE,Produkt CAT15-1 C3J0D4H8F6
175,RECIPE_C3J0E5C3C3,RECIPE,True,C3J0E5C3C3,Produkt CAT13-3-4 C3J0E5C3C3,produkt_cat1334_c3j0e5c3c3,CAT13,INSIDE,Produkt CAT13-3-4 C3J0E5C3C3
176,RECIPE_C3J0F6B2F6,RECIPE,True,C3J0F6B2F6,Produkt CAT03-1-1 C3J0F6B2F6,produkt_cat0311_c3j0f6b2f6,CAT03,INSIDE,Produkt CAT03-1-1 C3J0F6B2F6 | Produkt CAT03-1-2 C3J0F6B2F6
177,RECIPE_C3J0G7E5B2,RECIPE,True,C3J0G7E5B2,Produkt CAT03-1-1 C3J0G7E5B2,produkt_cat0311_c3j0g7e5b2,CAT03,INSIDE,Produkt CAT03-1-1 C3J0G7E5B2 | Produkt CAT03-1-3 C3J0G7E5B2 | Produkt CAT03-1-4 C3J0G7E5B2
178,RECIPE_C3J0G7E5E5,RECIPE,True,C3J0G7E5E5,Produkt CAT14-1 C3J0G7E5E5,produkt_cat141_c3j0g7e5e5,CAT14,INSIDE,Produkt CAT14-1 C3J0G7E5E5
179,RECIPE_C3J0G7E5F6,RECIPE,True,C3J0G7E5F6,Produkt CAT14-3 C3J0G7E5F6,produkt_cat143_c3j0g7e5f6,CAT14,INSIDE,Produkt CAT14-3 C3J0G7E5F6
180,RECIPE_C3J0G7I9D4,RECIPE,True,C3J0G7I9D4,Produkt CAT09-1-1 C3J0G7I9D4,produkt_cat0911_c3j0g7i9d4,CAT09,INSIDE,Produkt CAT09-1-1 C3J0G7I9D4
181,RECIPE_C3J0G7J0D4,RECIPE,True,C3J0G7J0D4,Produkt CAT06-1-1 C3J0G7J0D4,produkt_cat0611_c3j0g7j0d4,CAT06,INSIDE,Produkt CAT06-1-1 C3J0G7J0D4
182,RECIPE_C3J0G7J0E5,RECIPE,True,C3J0G7J0E5,Produkt CAT01-4-1 C3J0G7J0E5,produkt_cat0141_c3j0g7j0e5,CAT01,INSIDE,Produkt CAT01-4-1 C3J0G7J0E5
183,RECIPE_C3J0G7J0G7,RECIPE,True,C3J0G7J0G7,Produkt CAT07-1-1 C3J0G7J0G7,produkt_cat0711_c3j0g7j0g7,CAT07,INSIDE,Produkt CAT07-1-1 C3J0G7J0G7 | Produkt CAT07-1-2 C3J0G7J0G7
184,RECIPE_C3J0G7J0H8,RECIPE,True,C3J0G7J0H8,Produkt CAT02-1-1 C3J0G7J0H8,produkt_cat0211_c3j0g7j0h8,CAT02,INSIDE,Produkt CAT02-1-1 C3J0G7J0H8 | Produkt CAT02-1-2 C3J0G7J0H8
185,RECIPE_C3J0G7J0I9,RECIPE,True,C3J0G7J0I9,Produkt CAT06-1-1 C3J0G7J0I9,produkt_cat0611_c3j0g7j0i9,CAT06,INSIDE,Produkt CAT06-1-1 C3J0G7J0I9 | Produkt CAT06-1-2 C3J0G7J0I9
186,RECIPE_C3J0G7J0J0,RECIPE,True,C3J0G7J0J0,Produkt CAT01-3-2 C3J0G7J0J0,produkt_cat0132_c3j0g7j0j0,CAT01,INSIDE,Produkt CAT01-3-2 C3J0G7J0J0 | Produkt CAT01-3-3 C3J0G7J0J0
187,RECIPE_C3J0H8A1A1,RECIPE,True,C3J0H8A1A1,Produkt CAT01-4-3 C3J0H8A1A1,produkt_cat0143_c3j0h8a1a1,CAT01,INSIDE,Produkt CAT01-4-3 C3J0H8A1A1
188,RECIPE_C3J0H8A1B2,RECIPE,True,C3J0H8A1B2,Produkt CAT09-1-3 C3J0H8A1B2,produkt_cat0913_c3j0h8a1b2,CAT09,INSIDE,Produkt CAT09-1-3 C3J0H8A1B2
189,RECIPE_C3J0H8B2B2,RECIPE,True,C3J0H8B2B2,Produkt CAT02-1-2 C3J0H8B2B2,produkt_cat0212_c3j0h8b2b2,CAT02,INSIDE,Produkt CAT02-1-2 C3J0H8B2B2 | Produkt CAT02-1-3 C3J0H8B2B2
190,RECIPE_C3J0H8B2C3,RECIPE,True,C3J0H8B2C3,Produkt CAT01-1-3 C3J0H8B2C3,produkt_cat0113_c3j0h8b2c3,CAT01,INSIDE,Produkt CAT01-1-3 C3J0H8B2C3 | Produkt CAT01-1-4 C3J0H8B2C3
191,RECIPE_C3J0H8B2D4,RECIPE,True,C3J0H8B2D4,Produkt CAT06-1-3 C3J0H8B2D4,produkt_cat0613_c3j0h8b2d4,CAT06,INSIDE,Produkt CAT06-1-3 C3J0H8B2D4 | Produkt CAT06-1-4 C3J0H8B2D4
192,RECIPE_C3J0H8B2E5,RECIPE,True,C3J0H8B2E5,Produkt CAT01-1-4 C3J0H8B2E5,produkt_cat0114_c3j0h8b2e5,CAT01,INSIDE,Produkt CAT01-1-4 C3J0H8B2E5 | Produkt CAT01-1-5 C3J0H8B2E5
193,RECIPE_C3J0H8B2I9,RECIPE,True,C3J0H8B2I9,Produkt CAT01-3-3 C3J0H8B2I9,produkt_cat0133_c3j0h8b2i9,CAT01,INSIDE,Produkt CAT01-3-3 C3J0H8B2I9 | Produkt CAT01-3-4 C3J0H8B2I9
194,RECIPE_C3J0H8C3I9,RECIPE,True,C3J0H8C3I9,Produkt CAT01-2-3 C3J0H8C3I9,produkt_cat0123_c3j0h8c3i9,CAT01,INSIDE,Produkt CAT01-2-3 C3J0H8C3I9 | Produkt CAT01-2-4 C3J0H8C3I9
195,RECIPE_C3J0H8E5I9,RECIPE,True,C3J0H8E5I9,Produkt CAT08-1-3 C3J0H8E5I9,produkt_cat0813_c3j0h8e5i9,CAT08,INSIDE,Produkt CAT08-1-3 C3J0H8E5I9 | Produkt CAT08-1-4 C3J0H8E5I9
196,RECIPE_C3J0H8E5J0,RECIPE,True,C3J0H8E5J0,Produkt CAT07-1-3 C3J0H8E5J0,produkt_cat0713_c3j0h8e5j0,CAT07,INSIDE,Produkt CAT07-1-3 C3J0H8E5J0 | Produkt CAT07-1-4 C3J0H8E5J0
197,RECIPE_C3J0H8F6D4,RECIPE,True,C3J0H8F6D4,Produkt CAT03-2-1 C3J0H8F6D4,produkt_cat0321_c3j0h8f6d4,CAT03,INSIDE,Produkt CAT03-2-1 C3J0H8F6D4
198,RECIPE_C3J0H8G7G7,RECIPE,True,C3J0H8G7G7,Produkt CAT13-2-3 C3J0H8G7G7,produkt_cat1323_c3j0h8g7g7,CAT13,INSIDE,Produkt CAT13-2-3 C3J0H8G7G7 | Produkt CAT13-2-4 C3J0H8G7G7
199,RECIPE_C3J0H8G7H8,RECIPE,True,C3J0H8G7H8,Produkt CAT13-2-5 C3J0H8G7H8,produkt_cat1325_c3j0h8g7h8,CAT13,INSIDE,Produkt CAT13-2-5 C3J0H8G7H8
200,RECIPE_C3J0H8J0D4,RECIPE,True,C3J0H8J0D4,Produkt CAT01-2-1 C3J0H8J0D4,produkt_cat0121_c3j0h8j0d4,CAT01,INSIDE,Produkt CAT01-2-1 C3J0H8J0D4
201,RECIPE_C3J0H8J0I9,RECIPE,True,C3J0H8J0I9,Produkt CAT07-1-3 C3J0H8J0I9,produkt_cat0713_c3j0h8j0i9,CAT07,INSIDE,Produkt CAT07-1-3 C3J0H8J0I9 | Produkt CAT07-1-4 C3J0H8J0I9
202,RECIPE_C3J0H8J0J0,RECIPE,True,C3J0H8J0J0,Produkt CAT08-1-4 C3J0H8J0J0,produkt_cat0814_c3j0h8j0j0,CAT08,INSIDE,Produkt CAT08-1-4 C3J0H8J0J0
203,RECIPE_C3J0I9A1F6,RECIPE,True,C3J0I9A1F6,Produkt CAT01-3-1 C3J0I9A1F6,produkt_cat0131_c3j0i9a1f6,CAT01,INSIDE,Produkt CAT01-3-1 C3J0I9A1F6 | Produkt CAT01-3-2 C3J0I9A1F6
204,RECIPE_C3J0I9A1G7,RECIPE,True,C3J0I9A1G7,Produkt CAT07-1-2 C3J0I9A1G7,produkt_cat0712_c3j0i9a1g7,CAT07,INSIDE,Produkt CAT07-1-2 C3J0I9A1G7 | Produkt CAT07-1-3 C3J0I9A1G7
205,RECIPE_C3J0I9A1H8,RECIPE,True,C3J0I9A1H8,Produkt CAT01-1-2 C3J0I9A1H8,produkt_cat0112_c3j0i9a1h8,CAT01,INSIDE,Produkt CAT01-1-2 C3J0I9A1H8 | Produkt CAT01-1-3 C3J0I9A1H8
206,RECIPE_C3J0I9A1J0,RECIPE,True,C3J0I9A1J0,Produkt CAT01-3-3 C3J0I9A1J0,produkt_cat0133_c3j0i9a1j0,CAT01,INSIDE,Produkt CAT01-3-3 C3J0I9A1J0 | Produkt CAT01-3-4 C3J0I9A1J0
207,RECIPE_C3J0I9C3D4,RECIPE,True,C3J0I9C3D4,Produkt CAT08-1-4 C3J0I9C3D4,produkt_cat0814_c3j0i9c3d4,CAT08,INSIDE,Produkt CAT08-1-4 C3J0I9C3D4 | Produkt CAT08-1-5 C3J0I9C3D4
208,RECIPE_C3J0I9C3F6,RECIPE,True,C3J0I9C3F6,Produkt CAT07-1-4 C3J0I9C3F6,produkt_cat0714_c3j0i9c3f6,CAT07,INSIDE,Produkt CAT07-1-4 C3J0I9C3F6 | Produkt CAT07-1-5 C3J0I9C3F6
209,RECIPE_C3J0I9C3G7,RECIPE,True,C3J0I9C3G7,Produkt CAT02-1-4 C3J0I9C3G7,produkt_cat0214_c3j0i9c3g7,CAT02,INSIDE,Produkt CAT02-1-4 C3J0I9C3G7 | Produkt CAT02-1-5 C3J0I9C3G7
210,RECIPE_C3J0I9D4I9,RECIPE,True,C3J0I9D4I9,Produkt CAT01-1-5 C3J0I9D4I9,produkt_cat0115_c3j0i9d4i9,CAT01,INSIDE,Produkt CAT01-1-5 C3J0I9D4I9
211,RECIPE_C3J0I9D4J0,RECIPE,True,C3J0I9D4J0,Produkt CAT07-1-1 C3J0I9D4J0,produkt_cat0711_c3j0i9d4j0,CAT07,INSIDE,Produkt CAT07-1-1 C3J0I9D4J0
212,RECIPE_C3J0I9E5C3,RECIPE,True,C3J0I9E5C3,Produkt CAT08-1-1 C3J0I9E5C3,produkt_cat0811_c3j0i9e5c3,CAT08,INSIDE,Produkt CAT08-1-1 C3J0I9E5C3
213,RECIPE_D4A1A1A1F6,RECIPE,True,D4A1A1A1F6,Produkt CAT07-1-2 D4A1A1A1F6,produkt_cat0712_d4a1a1a1f6,CAT07,INSIDE,Produkt CAT07-1-2 D4A1A1A1F6 | Produkt CAT07-1-3 D4A1A1A1F6
214,RECIPE_D4A1A1A1G7,RECIPE,True,D4A1A1A1G7,Produkt CAT08-1-3 D4A1A1A1G7,produkt_cat0813_d4a1a1a1g7,CAT08,INSIDE,Produkt CAT08-1-3 D4A1A1A1G7
215,RECIPE_D4A1A1D4C3,RECIPE,True,D4A1A1D4C3,Dodatek 03,dodatek_03,DODATEK,INSIDE,Dodatek 03
216,RECIPE_D4A1A1D4F6,RECIPE,True,D4A1A1D4F6,Produkt CAT14-1 D4A1A1D4F6,produkt_cat141_d4a1a1d4f6,CAT14,INSIDE,Produkt CAT14-1 D4A1A1D4F6 | Produkt CAT14-3 D4A1A1D4F6
217,RECIPE_D4A1A1F6F6,RECIPE,True,D4A1A1F6F6,Produkt CAT03-2-1 D4A1A1F6F6,produkt_cat0321_d4a1a1f6f6,CAT03,INSIDE,Produkt CAT03-2-1 D4A1A1F6F6 | Produkt CAT03-2-2 D4A1A1F6F6
218,RECIPE_D4A1A1J0J0,RECIPE,True,D4A1A1J0J0,Produkt CAT03-1-1 D4A1A1J0J0,produkt_cat0311_d4a1a1j0j0,CAT03,INSIDE,Produkt CAT03-1-1 D4A1A1J0J0 | Produkt CAT03-1-2 D4A1A1J0J0
219,RECIPE_D4A1B2A1F6,RECIPE,True,D4A1B2A1F6,Produkt CAT02-1-1 D4A1B2A1F6,produkt_cat0211_d4a1b2a1f6,CAT02,INSIDE,Produkt CAT02-1-1 D4A1B2A1F6
220,RECIPE_D4A1B2A1G7,RECIPE,True,D4A1B2A1G7,Produkt CAT07-1-1 D4A1B2A1G7,produkt_cat0711_d4a1b2a1g7,CAT07,INSIDE,Produkt CAT07-1-1 D4A1B2A1G7 | Produkt CAT07-1-2 D4A1B2A1G7
221,RECIPE_D4A1B2C3G7,RECIPE,True,D4A1B2C3G7,Produkt CAT14-1 D4A1B2C3G7,produkt_cat141_d4a1b2c3g7,CAT14,INSIDE,Produkt CAT14-1 D4A1B2C3G7 | Produkt CAT14-3 D4A1B2C3G7
222,RECIPE_D4A1B2C3J0,RECIPE,True,D4A1B2C3J0,Produkt CAT01-4-1 D4A1B2C3J0,produkt_cat0141_d4a1b2c3j0,CAT01,INSIDE,Produkt CAT01-4-1 D4A1B2C3J0
223,RECIPE_D4A1C3I9C3,RECIPE,True,D4A1C3I9C3,Produkt CAT02-1-5 D4A1C3I9C3,produkt_cat0215_d4a1c3i9c3,CAT02,INSIDE,Produkt CAT02-1-5 D4A1C3I9C3
224,RECIPE_D4A1C3J0E5,RECIPE,True,D4A1C3J0E5,Produkt CAT03-2-2 D4A1C3J0E5,produkt_cat0322_d4a1c3j0e5,CAT03,INSIDE,Produkt CAT03-2-2 D4A1C3J0E5
225,RECIPE_D4A1C3J0J0,RECIPE,True,D4A1C3J0J0,Produkt CAT13-1-1 D4A1C3J0J0,produkt_cat1311_d4a1c3j0j0,CAT13,INSIDE,Produkt CAT13-1-1 D4A1C3J0J0 | Produkt CAT13-1-2 D4A1C3J0J0
226,RECIPE_D4A1D4A1A1,RECIPE,True,D4A1D4A1A1,Produkt CAT13-2-2 D4A1D4A1A1,produkt_cat1322_d4a1d4a1a1,CAT13,INSIDE,Produkt CAT13-2-2 D4A1D4A1A1 | Produkt CAT13-2-3 D4A1D4A1A1
227,RECIPE_D4A1D4A1B2,RECIPE,True,D4A1D4A1B2,Produkt CAT13-2-5 D4A1D4A1B2,produkt_cat1325_d4a1d4a1b2,CAT13,INSIDE,Produkt CAT13-2-5 D4A1D4A1B2
228,RECIPE_D4A1D4F6A1,RECIPE,True,D4A1D4F6A1,Produkt CAT13-2-2 D4A1D4F6A1,produkt_cat1322_d4a1d4f6a1,CAT13,INSIDE,Produkt CAT13-2-2 D4A1D4F6A1 | Produkt CAT13-2-3 D4A1D4F6A1
229,RECIPE_D4A1D4F6D4,RECIPE,True,D4A1D4F6D4,Produkt CAT13-1-2 D4A1D4F6D4,produkt_cat1312_d4a1d4f6d4,CAT13,INSIDE,Produkt CAT13-1-2 D4A1D4F6D4 | Produkt CAT13-1-3 D4A1D4F6D4
230,RECIPE_D4A1D4G7F6,RECIPE,True,D4A1D4G7F6,Produkt CAT13-2-4 D4A1D4G7F6,produkt_cat1324_d4a1d4g7f6,CAT13,INSIDE,Produkt CAT13-2-4 D4A1D4G7F6 | Produkt CAT13-2-5 D4A1D4G7F6
231,RECIPE_D4A1D4G7H8,RECIPE,True,D4A1D4G7H8,Produkt CAT13-2-4 D4A1D4G7H8,produkt_cat1324_d4a1d4g7h8,CAT13,INSIDE,Produkt CAT13-2-4 D4A1D4G7H8
232,RECIPE_D4A1D4H8C3,RECIPE,True,D4A1D4H8C3,Produkt CAT04-1-1 D4A1D4H8C3,produkt_cat0411_d4a1d4h8c3,CAT04,INSIDE,Produkt CAT04-1-1 D4A1D4H8C3
233,RECIPE_D4A1E5A1J0,RECIPE,True,D4A1E5A1J0,Produkt CAT13-2-1 D4A1E5A1J0,produkt_cat1321_d4a1e5a1j0,CAT13,INSIDE,Produkt CAT13-2-1 D4A1E5A1J0 | Produkt CAT13-2-2 D4A1E5A1J0
234,RECIPE_D4A1E5B2B2,RECIPE,True,D4A1E5B2B2,Produkt CAT13-2-2 D4A1E5B2B2,produkt_cat1322_d4a1e5b2b2,CAT13,INSIDE,Produkt CAT13-2-2 D4A1E5B2B2 | Produkt CAT13-2-3 D4A1E5B2B2
235,RECIPE_D4A1E5B2C3,RECIPE,True,D4A1E5B2C3,Produkt CAT13-1-2 D4A1E5B2C3,produkt_cat1312_d4a1e5b2c3,CAT13,INSIDE,Produkt CAT13-1-2 D4A1E5B2C3 | Produkt CAT13-1-3 D4A1E5B2C3
236,RECIPE_D4A1E5B2D4,RECIPE,True,D4A1E5B2D4,Produkt CAT13-1-4 D4A1E5B2D4,produkt_cat1314_d4a1e5b2d4,CAT13,INSIDE,Produkt CAT13-1-4 D4A1E5B2D4 | Produkt CAT13-1-5 D4A1E5B2D4
237,RECIPE_D4A1E5B2E5,RECIPE,True,D4A1E5B2E5,Produkt CAT13-2-4 D4A1E5B2E5,produkt_cat1324_d4a1e5b2e5,CAT13,INSIDE,Produkt CAT13-2-4 D4A1E5B2E5 | Produkt CAT13-2-5 D4A1E5B2E5
238,RECIPE_D4A1E5I9D4,RECIPE,True,D4A1E5I9D4,Produkt CAT04-1-3 D4A1E5I9D4,produkt_cat0413_d4a1e5i9d4,CAT04,INSIDE,Produkt CAT04-1-3 D4A1E5I9D4 | Produkt CAT04-1-4 D4A1E5I9D4
239,RECIPE_D4A1E5I9G7,RECIPE,True,D4A1E5I9G7,Produkt CAT13-1-2 D4A1E5I9G7,produkt_cat1312_d4a1e5i9g7,CAT13,INSIDE,Produkt CAT13-1-2 D4A1E5I9G7 | Produkt CAT13-1-3 D4A1E5I9G7
240,RECIPE_D4A1E5J0E5,RECIPE,True,D4A1E5J0E5,Produkt CAT13-2-1 D4A1E5J0E5,produkt_cat1321_d4a1e5j0e5,CAT13,INSIDE,Produkt CAT13-2-1 D4A1E5J0E5
241,RECIPE_D4A1E5J0F6,RECIPE,True,D4A1E5J0F6,Produkt CAT13-1-1 D4A1E5J0F6,produkt_cat1311_d4a1e5j0f6,CAT13,INSIDE,Produkt CAT13-1-1 D4A1E5J0F6 | Produkt CAT13-1-2 D4A1E5J0F6
242,RECIPE_D4A1E5J0G7,RECIPE,True,D4A1E5J0G7,Produkt CAT13-1-3 D4A1E5J0G7,produkt_cat1313_d4a1e5j0g7,CAT13,INSIDE,Produkt CAT13-1-3 D4A1E5J0G7 | Produkt CAT13-1-4 D4A1E5J0G7
243,RECIPE_D4A1E5J0H8,RECIPE,True,D4A1E5J0H8,Produkt CAT13-2-4 D4A1E5J0H8,produkt_cat1324_d4a1e5j0h8,CAT13,INSIDE,Produkt CAT13-2-4 D4A1E5J0H8
244,RECIPE_D4A1F6B2A1,RECIPE,True,D4A1F6B2A1,Produkt CAT03-1-1 D4A1F6B2A1,produkt_cat0311_d4a1f6b2a1,CAT03,INSIDE,Produkt CAT03-1-1 D4A1F6B2A1
245,RECIPE_D4A1F6B2B2,RECIPE,True,D4A1F6B2B2,Produkt CAT03-2-3 D4A1F6B2B2,produkt_cat0323_d4a1f6b2b2,CAT03,INSIDE,Produkt CAT03-2-3 D4A1F6B2B2 | Produkt CAT03-2-4 D4A1F6B2B2
246,RECIPE_D4A1F6B2C3,RECIPE,True,D4A1F6B2C3,Produkt CAT03-2-4 D4A1F6B2C3,produkt_cat0324_d4a1f6b2c3,CAT03,INSIDE,Produkt CAT03-2-4 D4A1F6B2C3
247,RECIPE_D4A1F6B2E5,RECIPE,True,D4A1F6B2E5,Produkt CAT17-2 D4A1F6B2E5,produkt_cat172_d4a1f6b2e5,CAT17,INSIDE,Produkt CAT17-2 D4A1F6B2E5
248,RECIPE_D4A1F6B2F6,RECIPE,True,D4A1F6B2F6,Produkt CAT17-3 D4A1F6B2F6,produkt_cat173_d4a1f6b2f6,CAT17,INSIDE,Produkt CAT17-3 D4A1F6B2F6
249,RECIPE_D4A1F6I9J0,RECIPE,True,D4A1F6I9J0,Produkt CAT13-2-2 D4A1F6I9J0,produkt_cat1322_d4a1f6i9j0,CAT13,INSIDE,Produkt CAT13-2-2 D4A1F6I9J0
250,RECIPE_D4A1G7A1A1,RECIPE,True,D4A1G7A1A1,Produkt CAT17-4 D4A1G7A1A1,produkt_cat174_d4a1g7a1a1,CAT17,INSIDE,Produkt CAT17-4 D4A1G7A1A1
251,RECIPE_E5B2A1E5,RECIPE,True,E5B2A1E5,Produkt CAT04-2-1 E5B2A1E5,produkt_cat0421_e5b2a1e5,CAT04,INSIDE,Produkt CAT04-2-1 E5B2A1E5
252,RECIPE_F6D4D4D4,RECIPE,True,F6D4D4D4,Produkt CAT04-2-3 F6D4D4D4,produkt_cat0423_f6d4d4d4,CAT04,INSIDE,Produkt CAT04-2-3 F6D4D4D4
253,RECIPE_F6H8E5G7,RECIPE,True,F6H8E5G7,Produkt CAT03-3-3 F6H8E5G7,produkt_cat0333_f6h8e5g7,CAT03,INSIDE,Produkt CAT03-3-3 F6H8E5G7 | Produkt CAT03-3-4 F6H8E5G7
254,RECIPE_F6J0F6J0,RECIPE,True,F6J0F6J0,Produkt CAT04-1-3 F6J0F6J0,produkt_cat0413_f6j0f6j0,CAT04,INSIDE,Produkt CAT04-1-3 F6J0F6J0 | Produkt CAT04-1-4 F6J0F6J0
255,RECIPE_G7E5D4H8,RECIPE,True,G7E5D4H8,Produkt CAT03-1-1 G7E5D4H8,produkt_cat0311_g7e5d4h8,CAT03,INSIDE,Produkt CAT03-1-1 G7E5D4H8 | Produkt CAT03-3-2 G7E5D4H8
256,RECIPE_I9A1C3H8,RECIPE,True,I9A1C3H8,Produkt CAT19-1 I9A1C3H8,produkt_cat191_i9a1c3h8,CAT19,INSIDE,Produkt CAT19-1 I9A1C3H8
257,RECIPE_I9A1C3I9,RECIPE,True,I9A1C3I9,Produkt CAT20-1 I9A1C3I9,produkt_cat201_i9a1c3i9,CAT20,INSIDE,Produkt CAT20-1 I9A1C3I9
258,RECIPE_I9H8A1,RECIPE,True,I9H8A1,Produkt CAT03-1-5 I9H8A1,produkt_cat0315_i9h8a1,CAT03,INSIDE,Produkt CAT03-1-5 I9H8A1
259,RECIPE_J0D4G7F6,RECIPE,True,J0D4G7F6,Produkt CAT04-2-2 J0D4G7F6,produkt_cat0422_j0d4g7f6,CAT04,INSIDE,Produkt CAT04-2-2 J0D4G7F6
260,TEMP_02_03_26_CAT01-X-1-1,NAME_MATCH,False,,Produkt CAT01-X-1-1,produkt_cat01x11,CAT01,OUTSIDE,Produkt CAT01-X-1-1
261,TEMP_02_03_26_CAT01-X-2-1,NAME_MATCH,False,,Produkt CAT01-X-2-1,produkt_cat01x21,CAT01,OUTSIDE,Produkt CAT01-X-2-1
262,TEMP_02_03_26_CAT01-X-3-1,NAME_MATCH,False,,Produkt CAT01-X-3-1,produkt_cat01x31,CAT01,OUTSIDE,Produkt CAT01-X-3-1
263,TEMP_02_03_26_CAT01-X-4-1,NAME_MATCH,False,,Produkt CAT01-X-4-1,produkt_cat01x41,CAT01,OUTSIDE,Produkt CAT01-X-4-1
264,TEMP_02_03_26_CAT01-X-5-1,NAME_MATCH,False,,Produkt CAT01-X-5-1,produkt_cat01x51,CAT01,OUTSIDE,Produkt CAT01-X-5-1
265,TEMP_02_03_26_CAT06-X-1-1,NAME_MATCH,False,,Produkt CAT06-X-1-1,produkt_cat06x11,CAT06,OUTSIDE,Produkt CAT06-X-1-1
266,TEMP_02_03_26_CAT06-X-2-1,NAME_MATCH,False,,Produkt CAT06-X-2-1,produkt_cat06x21,CAT06,OUTSIDE,Produkt CAT06-X-2-1
267,TEMP_02_03_26_CAT10-X-1-1,NAME_MATCH,False,,Produkt CAT10-X-1-1,produkt_cat10x11,CAT10,OUTSIDE,Produkt CAT10-X-1-1
268,TEMP_02_03_26_CAT10-X-2-1,NAME_MATCH,False,,Produkt CAT10-X-2-1,produkt_cat10x21,CAT10,OUTSIDE,Produkt CAT10-X-2-1
269,TEMP_02_03_26_CAT10-X-3-1,NAME_MATCH,False,,Produkt CAT10-X-3-1,produkt_cat10x31,CAT10,OUTSIDE,Produkt CAT10-X-3-1
270,TEMP_02_03_26_CAT10-X-4-1,NAME_MATCH,False,,Produkt CAT10-X-4-1,produkt_cat10x41,CAT10,OUTSIDE,Produkt CAT10-X-4-1
271,TEMP_02_03_26_CAT11-X-1-1,NAME_MATCH,False,,Produkt CAT11-X-1-1,produkt_cat11x11,CAT11,OUTSIDE,Produkt CAT11-X-1-1
272,TEMP_02_03_26_CAT13-X-1-1,NAME_MATCH,False,,Produkt CAT13-X-1-1,produkt_cat13x11,CAT13,OUTSIDE,Produkt CAT13-X-1-1
273,TEMP_02_03_26_CAT13-X-2-1,NAME_MATCH,False,,Produkt CAT13-X-2-1,produkt_cat13x21,CAT13,OUTSIDE,Produkt CAT13-X-2-1
274,TEMP_02_03_26_CAT13-X-3-1,NAME_MATCH,False,,Produkt CAT13-X-3-1,produkt_cat13x31,CAT13,OUTSIDE,Produkt CAT13-X-3-1
275,TEMP_02_03_26_CAT13-X-4-1,NAME_MATCH,False,,Produkt CAT13-X-4-1,produkt_cat13x41,CAT13,OUTSIDE,Produkt CAT13-X-4-1
276,TEMP_02_03_26_CAT21-1-1,NAME_MATCH,False,,Produkt CAT21-1-1,produkt_cat2111,CAT21,Pozostałe,Produkt CAT21-1-1
277,TEMP_02_03_26_CAT22-1-1,NAME_MATCH,False,,Produkt CAT22-1-1,produkt_cat2211,CAT22,Pozostałe,Produkt CAT22-1-1
278,TEMP_02_03_26_CAT23-1-1,NAME_MATCH,False,,Produkt CAT23-1-1,produkt_cat2311,CAT23,Pozostałe,Produkt CAT23-1-1
279,TEMP_02_03_26_DODATEK-02,NAME_MATCH,False,,Dodatek 02,dodatek_02,DODATEK,Pozostałe,Dodatek 02
280,TEMP_02_03_26_DODATEK-03,NAME_MATCH,False,,Dodatek 03,dodatek_03,DODATEK,Pozostałe,Dodatek 03
281,TEMP_02_03_26_DODATEK-06,NAME_MATCH,False,,Dodatek 06,dodatek_06,DODATEK,Pozostałe,Dodatek 06
282,TEMP_02_03_26_DODATEK-08,NAME_MATCH,False,,Dodatek 08,dodatek_08,DODATEK,Pozostałe,Dodatek 08
283,TEMP_02_03_26_DODATEK-09,NAME_MATCH,False,,Dodatek 09,dodatek_09,DODATEK,Pozostałe,Dodatek 09
284,TEMP_02_03_26_DODATEK-10,NAME_MATCH,False,,Dodatek 10,dodatek_10,DODATEK,Pozostałe,Dodatek 10
285,TEMP_03_03_26_CAT01-X-1-2,NAME_MATCH,False,,Produkt CAT01-X-1-2,produkt_cat01x12,CAT01,OUTSIDE,Produkt CAT01-X-1-2
286,TEMP_03_03_26_CAT01-X-2-2,NAME_MATCH,False,,Produkt CAT01-X-2-2,produkt_cat01x22,CAT01,OUTSIDE,Produkt CAT01-X-2-2
287,TEMP_03_03_26_CAT01-X-3-2,NAME_MATCH,False,,Produkt CAT01-X-3-2,produkt_cat01x32,CAT01,OUTSIDE,Produkt CAT01-X-3-2
288,TEMP_03_03_26_CAT01-X-4-2,NAME_MATCH,False,,Produkt CAT01-X-4-2,produkt_cat01x42,CAT01,OUTSIDE,Produkt CAT01-X-4-2
289,TEMP_03_03_26_CAT01-X-5-2,NAME_MATCH,False,,Produkt CAT01-X-5-2,produkt_cat01x52,CAT01,OUTSIDE,Produkt CAT01-X-5-2
290,TEMP_03_03_26_CAT01-X-7-2,NAME_MATCH,False,,Produkt CAT01-X-7-2,produkt_cat01x72,CAT01,OUTSIDE,Produkt CAT01-X-7-2
291,TEMP_03_03_26_CAT01-X-8-2,NAME_MATCH,False,,Produkt CAT01-X-8-2,produkt_cat01x82,CAT01,OUTSIDE,Produkt CAT01-X-8-2
292,TEMP_03_03_26_CAT01-X-9-2,NAME_MATCH,False,,Produkt CAT01-X-9-2,produkt_cat01x92,CAT01,OUTSIDE,Produkt CAT01-X-9-2
293,TEMP_03_03_26_CAT06-X-1-2,NAME_MATCH,False,,Produkt CAT06-X-1-2,produkt_cat06x12,CAT06,OUTSIDE,Produkt CAT06-X-1-2
294,TEMP_03_03_26_CAT06-X-2-2,NAME_MATCH,False,,Produkt CAT06-X-2-2,produkt_cat06x22,CAT06,OUTSIDE,Produkt CAT06-X-2-2
295,TEMP_03_03_26_CAT10-X-1-2,NAME_MATCH,False,,Produkt CAT10-X-1-2,produkt_cat10x12,CAT10,OUTSIDE,Produkt CAT10-X-1-2
296,TEMP_03_03_26_CAT11-X-1-2,NAME_MATCH,False,,Produkt CAT11-X-1-2,produkt_cat11x12,CAT11,OUTSIDE,Produkt CAT11-X-1-2
297,TEMP_03_03_26_CAT12-X-1-2,NAME_MATCH,False,,Produkt CAT12-X-1-2,produkt_cat12x12,CAT12,OUTSIDE,Produkt CAT12-X-1-2
298,TEMP_03_03_26_CAT21-1-2,NAME_MATCH,False,,Produkt CAT21-1-2,produkt_cat2112,CAT21,Pozostałe,Produkt CAT21-1-2
299,TEMP_03_03_26_CAT22-1-2,NAME_MATCH,False,,Produkt CAT22-1-2,produkt_cat2212,CAT22,Pozostałe,Produkt CAT22-1-2
300,TEMP_03_03_26_CAT23-1-2,NAME_MATCH,False,,Produkt CAT23-1-2,produkt_cat2312,CAT23,Pozostałe,Produkt CAT23-1-2
301,TEMP_03_03_26_DODATEK-04,NAME_MATCH,False,,Dodatek 04,dodatek_04,DODATEK,Pozostałe,Dodatek 04
302,TEMP_03_03_26_DODATEK-07,NAME_MATCH,False,,Dodatek 07,dodatek_07,DODATEK,Pozostałe,Dodatek 07
303,TEMP_03_03_26_DODATEK-12,NAME_MATCH,False,,Dodatek 12,dodatek_12,DODATEK,Pozostałe,Dodatek 12
304,TEMP_04_03_26_CAT01-X-1-3,NAME_MATCH,False,,Produkt CAT01-X-1-3,produkt_cat01x13,CAT01,OUTSIDE,Produkt CAT01-X-1-3
305,TEMP_04_03_26_CAT01-X-2-3,NAME_MATCH,False,,Produkt CAT01-X-2-3,produkt_cat01x23,CAT01,OUTSIDE,Produkt CAT01-X-2-3
306,TEMP_04_03_26_CAT01-X-3-3,NAME_MATCH,False,,Produkt CAT01-X-3-3,produkt_cat01x33,CAT01,OUTSIDE,Produkt CAT01-X-3-3
307,TEMP_04_03_26_CAT01-X-4-3,NAME_MATCH,False,,Produkt CAT01-X-4-3,produkt_cat01x43,CAT01,OUTSIDE,Produkt CAT01-X-4-3
308,TEMP_04_03_26_CAT01-X-5-3,NAME_MATCH,False,,Produkt CAT01-X-5-3,produkt_cat01x53,CAT01,OUTSIDE,Produkt CAT01-X-5-3
309,TEMP_04_03_26_CAT10-X-1-3,NAME_MATCH,False,,Produkt CAT10-X-1-3,produkt_cat10x13,CAT10,OUTSIDE,Produkt CAT10-X-1-3
310,TEMP_04_03_26_CAT10-X-2-3,NAME_MATCH,False,,Produkt CAT10-X-2-3,produkt_cat10x23,CAT10,OUTSIDE,Produkt CAT10-X-2-3
311,TEMP_04_03_26_CAT10-X-3-3,NAME_MATCH,False,,Produkt CAT10-X-3-3,produkt_cat10x33,CAT10,OUTSIDE,Produkt CAT10-X-3-3
312,TEMP_04_03_26_CAT10-X-4-3,NAME_MATCH,False,,Produkt CAT10-X-4-3,produkt_cat10x43,CAT10,OUTSIDE,Produkt CAT10-X-4-3
313,TEMP_04_03_26_CAT11-X-1-3,NAME_MATCH,False,,Produkt CAT11-X-1-3,produkt_cat11x13,CAT11,OUTSIDE,Produkt CAT11-X-1-3
314,TEMP_04_03_26_CAT11-X-2-3,NAME_MATCH,False,,Produkt CAT11-X-2-3,produkt_cat11x23,CAT11,OUTSIDE,Produkt CAT11-X-2-3
315,TEMP_04_03_26_CAT11-X-3-3,NAME_MATCH,False,,Produkt CAT11-X-3-3,produkt_cat11x33,CAT11,OUTSIDE,Produkt CAT11-X-3-3
316,TEMP_04_03_26_CAT12-X-1-3,NAME_MATCH,False,,Produkt CAT12-X-1-3,produkt_cat12x13,CAT12,OUTSIDE,Produkt CAT12-X-1-3
317,TEMP_04_03_26_CAT13-X-1-3,NAME_MATCH,False,,Produkt CAT13-X-1-3,produkt_cat13x13,CAT13,OUTSIDE,Produkt CAT13-X-1-3
318,TEMP_04_03_26_CAT15-2,TEMPORARY,False,,Produkt CAT15-2,produkt_cat152,CAT15,Pozostałe,Produkt CAT15-2
319,TEMP_04_03_26_CAT21-1-3,NAME_MATCH,False,,Produkt CAT21-1-3,produkt_cat2113,CAT21,Pozostałe,Produkt CAT21-1-3
320,TEMP_04_03_26_CAT22-1-3,NAME_MATCH,False,,Produkt CAT22-1-3,produkt_cat2213,CAT22,Pozostałe,Produkt CAT22-1-3
321,TEMP_04_03_26_CAT23-1-3,NAME_MATCH,False,,Produkt CAT23-1-3,produkt_cat2313,CAT23,Pozostałe,Produkt CAT23-1-3
322,TEMP_05_03_26_CAT01-X-1-4,NAME_MATCH,False,,Produkt CAT01-X-1-4,produkt_cat01x14,CAT01,OUTSIDE,Produkt CAT01-X-1-4
323,TEMP_05_03_26_CAT01-X-2-4,NAME_MATCH,False,,Produkt CAT01-X-2-4,produkt_cat01x24,CAT01,OUTSIDE,Produkt CAT01-X-2-4
324,TEMP_05_03_26_CAT01-X-3-4,NAME_MATCH,False,,Produkt CAT01-X-3-4,produkt_cat01x34,CAT01,OUTSIDE,Produkt CAT01-X-3-4
325,TEMP_05_03_26_CAT04-1-3,TEMPORARY,False,,Produkt CAT04-1-3,produkt_cat0413,CAT04,Pozostałe,Produkt CAT04-1-3
326,TEMP_05_03_26_CAT06-X-1-4,NAME_MATCH,False,,Produkt CAT06-X-1-4,produkt_cat06x14,CAT06,OUTSIDE,Produkt CAT06-X-1-4
327,TEMP_05_03_26_CAT10-X-1-4,NAME_MATCH,False,,Produkt CAT10-X-1-4,produkt_cat10x14,CAT10,OUTSIDE,Produkt CAT10-X-1-4
328,TEMP_05_03_26_CAT10-X-2-4,NAME_MATCH,False,,Produkt CAT10-X-2-4,produkt_cat10x24,CAT10,OUTSIDE,Produkt CAT10-X-2-4
329,TEMP_05_03_26_CAT10-X-3-4,NAME_MATCH,False,,Produkt CAT10-X-3-4,produkt_cat10x34,CAT10,OUTSIDE,Produkt CAT10-X-3-4
330,TEMP_05_03_26_CAT11-X-1-4,NAME_MATCH,False,,Produkt CAT11-X-1-4,produkt_cat11x14,CAT11,OUTSIDE,Produkt CAT11-X-1-4
331,TEMP_05_03_26_CAT11-X-2-4,NAME_MATCH,False,,Produkt CAT11-X-2-4,produkt_cat11x24,CAT11,OUTSIDE,Produkt CAT11-X-2-4
332,TEMP_05_03_26_CAT11-X-3-4,NAME_MATCH,False,,Produkt CAT11-X-3-4,produkt_cat11x34,CAT11,OUTSIDE,Produkt CAT11-X-3-4
333,TEMP_05_03_26_CAT12-X-1-4,NAME_MATCH,False,,Produkt CAT12-X-1-4,produkt_cat12x14,CAT12,OUTSIDE,Produkt CAT12-X-1-4
334,TEMP_05_03_26_CAT14-1,NAME_MATCH,False,,Produkt CAT14-1,produkt_cat141,CAT14,Pozostałe,Produkt CAT14-1
335,TEMP_05_03_26_CAT17-5,TEMPORARY,False,,Produkt CAT17-5,produkt_cat175,CAT17,Pozostałe,Produkt CAT17-5
336,TEMP_05_03_26_CAT21-1-4,NAME_MATCH,False,,Produkt CAT21-1-4,produkt_cat2114,CAT21,Pozostałe,Produkt CAT21-1-4
337,TEMP_05_03_26_CAT22-1-4,NAME_MATCH,False,,Produkt CAT22-1-4,produkt_cat2214,CAT22,Pozostałe,Produkt CAT22-1-4
338,TEMP_05_03_26_CAT23-1-4,NAME_MATCH,False,,Produkt CAT23-1-4,produkt_cat2314,CAT23,Pozostałe,Produkt CAT23-1-4
339,TEMP_06_03_26_CAT01-X-1-5,NAME_MATCH,False,,Produkt CAT01-X-1-5,produkt_cat01x15,CAT01,OUTSIDE,Produkt CAT01-X-1-5
340,TEMP_06_03_26_CAT01-X-2-5,NAME_MATCH,False,,Produkt CAT01-X-2-5,produkt_cat01x25,CAT01,OUTSIDE,Produkt CAT01-X-2-5
341,TEMP_06_03_26_CAT01-X-3-5,NAME_MATCH,False,,Produkt CAT01-X-3-5,produkt_cat01x35,CAT01,OUTSIDE,Produkt CAT01-X-3-5
342,TEMP_06_03_26_CAT01-X-4-5,NAME_MATCH,False,,Produkt CAT01-X-4-5,produkt_cat01x45,CAT01,OUTSIDE,Produkt CAT01-X-4-5
343,TEMP_06_03_26_CAT01-X-5-5,NAME_MATCH,False,,Produkt CAT01-X-5-5,produkt_cat01x55,CAT01,OUTSIDE,Produkt CAT01-X-5-5
344,TEMP_06_03_26_CAT02-1-4,TEMPORARY,False,,Produkt CAT02-1-4,produkt_cat0214,CAT02,Pozostałe,Produkt CAT02-1-4
345,TEMP_06_03_26_CAT02-1-5,TEMPORARY,False,,Produkt CAT02-1-5,produkt_cat0215,CAT02,Pozostałe,Produkt CAT02-1-5
346,TEMP_06_03_26_CAT02-X-1-5,NAME_MATCH,False,,Produkt CAT02-X-1-5,produkt_cat02x15,CAT02,OUTSIDE,Produkt CAT02-X-1-5
347,TEMP_06_03_26_CAT04-3-4,TEMPORARY,False,,Produkt CAT04-3-4,produkt_cat0434,CAT04,Pozostałe,Produkt CAT04-3-4
348,TEMP_06_03_26_CAT07-2-5,TEMPORARY,False,,Produkt CAT07-2-5,produkt_cat0725,CAT07,Pozostałe,Produkt CAT07-2-5
349,TEMP_06_03_26_CAT08-1-4,NAME_MATCH,False,,Produkt CAT08-1-4,produkt_cat0814,CAT08,Pozostałe,Produkt CAT08-1-4
350,TEMP_06_03_26_CAT10-X-1-5,NAME_MATCH,False,,Produkt CAT10-X-1-5,produkt_cat10x15,CAT10,OUTSIDE,Produkt CAT10-X-1-5
351,TEMP_06_03_26_CAT10-X-2-5,NAME_MATCH,False,,Produkt CAT10-X-2-5,produkt_cat10x25,CAT10,OUTSIDE,Produkt CAT10-X-2-5
352,TEMP_06_03_26_CAT11-X-1-5,NAME_MATCH,False,,Produkt CAT11-X-1-5,produkt_cat11x15,CAT11,OUTSIDE,Produkt CAT11-X-1-5
353,TEMP_06_03_26_CAT13-3-4,TEMPORARY,False,,Produkt CAT13-3-4,produkt_cat1334,CAT13,Pozostałe,Produkt CAT13-3-4
354,TEMP_06_03_26_CAT13-X-1-5,NAME_MATCH,False,,Produkt CAT13-X-1-5,produkt_cat13x15,CAT13,OUTSIDE,Produkt CAT13-X-1-5
355,TEMP_06_03_26_CAT13-X-2-5,NAME_MATCH,False,,Produkt CAT13-X-2-5,produkt_cat13x25,CAT13,OUTSIDE,Produkt CAT13-X-2-5
356,TEMP_06_03_26_CAT13-X-3-5,TEMPORARY,False,,Produkt CAT13-X-3-5,produkt_cat13x35,CAT13,OUTSIDE,Produkt CAT13-X-3-5
357,TEMP_06_03_26_CAT13-X-4-5,TEMPORARY,False,,Produkt CAT13-X-4-5,produkt_cat13x45,CAT13,OUTSIDE,Produkt CAT13-X-4-5
358,TEMP_06_03_26_CAT14-2,NAME_MATCH,False,,Produkt CAT14-2,produkt_cat142,CAT14,Pozostałe,Produkt CAT14-2
359,TEMP_06_03_26_CAT21-1-5,NAME_MATCH,False,,Produkt CAT21-1-5,produkt_cat2115,CAT21,Pozostałe,Produkt CAT21-1-5
360,TEMP_06_03_26_CAT22-1-5,NAME_MATCH,False,,Produkt CAT22-1-5,produkt_cat2215,CAT22,Pozostałe,Produkt CAT22-1-5
361,TEMP_06_03_26_CAT23-1-5,NAME_MATCH,False,,Produkt CAT23-1-5,produkt_cat2315,CAT23,Pozostałe,Produkt CAT23-1-5
362,TEMP_09_03_26_CAT11-X-2-1,NAME_MATCH,False,,Produkt CAT11-X-2-1,produkt_cat11x21,CAT11,OUTSIDE,Produkt CAT11-X-2-1
363,TEMP_09_03_26_CAT11-X-3-1,NAME_MATCH,False,,Produkt CAT11-X-3-1,produkt_cat11x31,CAT11,OUTSIDE,Produkt CAT11-X-3-1
364,TEMP_10_03_26_CAT04-1-1,TEMPORARY,False,,Produkt CAT04-1-1,produkt_cat0411,CAT04,Pozostałe,Produkt CAT04-1-1
365,TEMP_10_03_26_CAT08-1-1,NAME_MATCH,False,,Produkt CAT08-1-1,produkt_cat0811,CAT08,Pozostałe,Produkt CAT08-1-1
366,TEMP_10_03_26_CAT10-X-2-2,NAME_MATCH,False,,Produkt CAT10-X-2-2,produkt_cat10x22,CAT10,OUTSIDE,Produkt CAT10-X-2-2
367,TEMP_10_03_26_CAT10-X-3-2,NAME_MATCH,False,,Produkt CAT10-X-3-2,produkt_cat10x32,CAT10,OUTSIDE,Produkt CAT10-X-3-2
368,TEMP_10_03_26_CAT10-X-4-2,NAME_MATCH,False,,Produkt CAT10-X-4-2,produkt_cat10x42,CAT10,OUTSIDE,Produkt CAT10-X-4-2
369,TEMP_10_03_26_CAT11-X-2-2,NAME_MATCH,False,,Produkt CAT11-X-2-2,produkt_cat11x22,CAT11,OUTSIDE,Produkt CAT11-X-2-2
370,TEMP_10_03_26_CAT13-1-1,NAME_MATCH,False,,Produkt CAT13-1-1,produkt_cat1311,CAT13,Pozostałe,Produkt CAT13-1-1
371,TEMP_10_03_26_CAT13-X-1-2,NAME_MATCH,False,,Produkt CAT13-X-1-2,produkt_cat13x12,CAT13,OUTSIDE,Produkt CAT13-X-1-2
372,TEMP_10_03_26_CAT13-X-2-2,NAME_MATCH,False,,Produkt CAT13-X-2-2,produkt_cat13x22,CAT13,OUTSIDE,Produkt CAT13-X-2-2
373,TEMP_10_03_26_CAT13-X-3-2,NAME_MATCH,False,,Produkt CAT13-X-3-2,produkt_cat13x32,CAT13,OUTSIDE,Produkt CAT13-X-3-2
374,TEMP_11_03_26_CAT01-X-6-3,NAME_MATCH,False,,Produkt CAT01-X-6-3,produkt_cat01x63,CAT01,OUTSIDE,Produkt CAT01-X-6-3
375,TEMP_11_03_26_CAT02-X-1-3,NAME_MATCH,False,,Produkt CAT02-X-1-3,produkt_cat02x13,CAT02,OUTSIDE,Produkt CAT02-X-1-3
376,TEMP_11_03_26_CAT06-X-1-3,TEMPORARY,False,,Produkt CAT06-X-1-3,produkt_cat06x13,CAT06,OUTSIDE,Produkt CAT06-X-1-3
377,TEMP_11_03_26_CAT13-3-2,TEMPORARY,False,,Produkt CAT13-3-2,produkt_cat1332,CAT13,Pozostałe,Produkt CAT13-3-2
378,TEMP_12_03_26_CAT01-X-4-4,NAME_MATCH,False,,Produkt CAT01-X-4-4,produkt_cat01x44,CAT01,OUTSIDE,Produkt CAT01-X-4-4
379,TEMP_12_03_26_CAT01-X-5-4,NAME_MATCH,False,,Produkt CAT01-X-5-4,produkt_cat01x54,CAT01,OUTSIDE,Produkt CAT01-X-5-4
380,TEMP_12_03_26_CAT01-X-6-4,NAME_MATCH,False,,Produkt CAT01-X-6-4,produkt_cat01x64,CAT01,OUTSIDE,Produkt CAT01-X-6-4
381,TEMP_12_03_26_CAT02-X-1-4,NAME_MATCH,False,,Produkt CAT02-X-1-4,produkt_cat02x14,CAT02,OUTSIDE,Produkt CAT02-X-1-4
382,TEMP_12_03_26_CAT04-2-3,TEMPORARY,False,,Produkt CAT04-2-3,produkt_cat0423,CAT04,Pozostałe,Produkt CAT04-2-3
383,TEMP_12_03_26_CAT12-X-2-4,NAME_MATCH,False,,Produkt CAT12-X-2-4,produkt_cat12x24,CAT12,OUTSIDE,Produkt CAT12-X-2-4
384,TEMP_12_03_26_CAT13-1-3,TEMPORARY,False,,Produkt CAT13-1-3,produkt_cat1313,CAT13,Pozostałe,Produkt CAT13-1-3
385,TEMP_12_03_26_CAT13-2-3,TEMPORARY,False,,Produkt CAT13-2-3,produkt_cat1323,CAT13,Pozostałe,Produkt CAT13-2-3
386,TEMP_12_03_26_CAT13-X-1-4,NAME_MATCH,False,,Produkt CAT13-X-1-4,produkt_cat13x14,CAT13,OUTSIDE,Produkt CAT13-X-1-4
387,TEMP_12_03_26_CAT13-X-2-4,NAME_MATCH,False,,Produkt CAT13-X-2-4,produkt_cat13x24,CAT13,OUTSIDE,Produkt CAT13-X-2-4
388,TEMP_12_03_26_CAT13-X-3-4,NAME_MATCH,False,,Produkt CAT13-X-3-4,produkt_cat13x34,CAT13,OUTSIDE,Produkt CAT13-X-3-4
389,TEMP_12_03_26_CAT13-X-4-4,NAME_MATCH,False,,Produkt CAT13-X-4-4,produkt_cat13x44,CAT13,OUTSIDE,Produkt CAT13-X-4-4
390,TEMP_12_03_26_DODATEK-05,NAME_MATCH,False,,Dodatek 05,dodatek_05,DODATEK,Pozostałe,Dodatek 05
391,TEMP_12_03_26_DODATEK-11,NAME_MATCH,False,,Dodatek 11,dodatek_11,DODATEK,Pozostałe,Dodatek 11
392,TEMP_13_03_26_CAT02-X-2-5,TEMPORARY,False,,Produkt CAT02-X-2-5,produkt_cat02x25,CAT02,OUTSIDE,Produkt CAT02-X-2-5
393,TEMP_13_03_26_CAT02-X-3-5,TEMPORARY,False,,Produkt CAT02-X-3-5,produkt_cat02x35,CAT02,OUTSIDE,Produkt CAT02-X-3-5
394,TEMP_13_03_26_CAT06-X-1-5,NAME_MATCH,False,,Produkt CAT06-X-1-5,produkt_cat06x15,CAT06,OUTSIDE,Produkt CAT06-X-1-5
395,TEMP_13_03_26_CAT06-X-2-5,NAME_MATCH,False,,Produkt CAT06-X-2-5,produkt_cat06x25,CAT06,OUTSIDE,Produkt CAT06-X-2-5
396,TEMP_13_03_26_CAT12-X-1-5,TEMPORARY,False,,Produkt CAT12-X-1-5,produkt_cat12x15,CAT12,OUTSIDE,Produkt CAT12-X-1-5
397,TEMP_16_03_26_CAT01-X-6-1,NAME_MATCH,False,,Produkt CAT01-X-6-1,produkt_cat01x61,CAT01,OUTSIDE,Produkt CAT01-X-6-1
398,TEMP_16_03_26_CAT02-X-1-1,NAME_MATCH,False,,Produkt CAT02-X-1-1,produkt_cat02x11,CAT02,OUTSIDE,Produkt CAT02-X-1-1
399,TEMP_17_03_26_CAT01-X-6-2,NAME_MATCH,False,,Produkt CAT01-X-6-2,produkt_cat01x62,CAT01,OUTSIDE,Produkt CAT01-X-6-2
400,TEMP_17_03_26_CAT11-X-3-2,NAME_MATCH,False,,Produkt CAT11-X-3-2,produkt_cat11x32,CAT11,OUTSIDE,Produkt CAT11-X-3-2
401,TEMP_17_03_26_CAT13-3-1,TEMPORARY,False,,Produkt CAT13-3-1,produkt_cat1331,CAT13,Pozostałe,Produkt CAT13-3-1
402,TEMP_18_03_26_CAT01-X-7-3,NAME_MATCH,False,,Produkt CAT01-X-7-3,produkt_cat01x73,CAT01,OUTSIDE,Produkt CAT01-X-7-3
403,TEMP_18_03_26_CAT12-X-2-3,NAME_MATCH,False,,Produkt CAT12-X-2-3,produkt_cat12x23,CAT12,OUTSIDE,Produkt CAT12-X-2-3
404,TEMP_18_03_26_CAT13-X-2-3,NAME_MATCH,False,,Produkt CAT13-X-2-3,produkt_cat13x23,CAT13,OUTSIDE,Produkt CAT13-X-2-3
405,TEMP_19_03_26_CAT09-1-3,TEMPORARY,False,,Produkt CAT09-1-3,produkt_cat0913,CAT09,Pozostałe,Produkt CAT09-1-3
406,TEMP_19_03_26_CAT14-3,NAME_MATCH,False,,Produkt CAT14-3,produkt_cat143,CAT14,Pozostałe,Produkt CAT14-3
407,TEMP_19_03_26_CAT18-3,TEMPORARY,False,,Produkt CAT18-3,produkt_cat183,CAT18,Pozostałe,Produkt CAT18-3
408,TEMP_20_03_26_CAT10-X-3-5,NAME_MATCH,False,,Produkt CAT10-X-3-5,produkt_cat10x35,CAT10,OUTSIDE,Produkt CAT10-X-3-5
409,TEMP_20_03_26_CAT10-X-4-5,TEMPORARY,False,,Produkt CAT10-X-4-5,produkt_cat10x45,CAT10,OUTSIDE,Produkt CAT10-X-4-5
410,TEMP_20_03_26_CAT11-X-2-5,TEMPORARY,False,,Produkt CAT11-X-2-5,produkt_cat11x25,CAT11,OUTSIDE,Produkt CAT11-X-2-5
411,TEMP_20_03_26_CAT11-X-3-5,TEMPORARY,False,,Produkt CAT11-X-3-5,produkt_cat11x35,CAT11,OUTSIDE,Produkt CAT11-X-3-5
412,TEMP_23_03_26_CAT01-X-7-1,NAME_MATCH,False,,Produkt CAT01-X-7-1,produkt_cat01x71,CAT01,OUTSIDE,Produkt CAT01-X-7-1
413,TEMP_23_03_26_CAT01-X-8-1,NAME_MATCH,False,,Produkt CAT01-X-8-1,produkt_cat01x81,CAT01,OUTSIDE,Produkt CAT01-X-8-1
414,TEMP_23_03_26_CAT01-X-9-1,NAME_MATCH,False,,Produkt CAT01-X-9-1,produkt_cat01x91,CAT01,OUTSIDE,Produkt CAT01-X-9-1
415,TEMP_24_03_26_CAT06-1-1,TEMPORARY,False,,Produkt CAT06-1-1,produkt_cat0611,CAT06,Pozostałe,Produkt CAT06-1-1
416,TEMP_24_03_26_CAT09-1-1,TEMPORARY,False,,Produkt CAT09-1-1,produkt_cat0911,CAT09,Pozostałe,Produkt CAT09-1-1
417,TEMP_24_03_26_CAT11-X-4-2,NAME_MATCH,False,,Produkt CAT11-X-4-2,produkt_cat11x42,CAT11,OUTSIDE,Produkt CAT11-X-4-2
418,TEMP_24_03_26_CAT17-1,TEMPORARY,False,,Produkt CAT17-1,produkt_cat171,CAT17,Pozostałe,Produkt CAT17-1
419,TEMP_24_03_26_CAT18-1,TEMPORARY,False,,Produkt CAT18-1,produkt_cat181,CAT18,Pozostałe,Produkt CAT18-1
420,TEMP_25_03_26_CAT01-X-8-3,NAME_MATCH,False,,Produkt CAT01-X-8-3,produkt_cat01x83,CAT01,OUTSIDE,Produkt CAT01-X-8-3
421,TEMP_25_03_26_CAT01-X-9-3,TEMPORARY,False,,Produkt CAT01-X-9-3,produkt_cat01x93,CAT01,OUTSIDE,Produkt CAT01-X-9-3
422,TEMP_25_03_26_CAT20-1,TEMPORARY,False,,Produkt CAT20-1,produkt_cat201,CAT20,Pozostałe,Produkt CAT20-1
423,TEMP_27_03_26_CAT01-X-10-5,TEMPORARY,False,,Produkt CAT01-X-10-5,produkt_cat01x105,CAT01,OUTSIDE,Produkt CAT01-X-10-5
424,TEMP_27_03_26_CAT01-X-6-5,TEMPORARY,False,,Produkt CAT01-X-6-5,produkt_cat01x65,CAT01,OUTSIDE,Produkt CAT01-X-6-5
425,TEMP_27_03_26_CAT01-X-7-5,TEMPORARY,False,,Produkt CAT01-X-7-5,produkt_cat01x75,CAT01,OUTSIDE,Produkt CAT01-X-7-5
426,TEMP_27_03_26_CAT01-X-8-5,TEMPORARY,False,,Produkt CAT01-X-8-5,produkt_cat01x85,CAT01,OUTSIDE,Produkt CAT01-X-8-5
427,TEMP_27_03_26_CAT01-X-9-5,TEMPORARY,False,,Produkt CAT01-X-9-5,produkt_cat01x95,CAT01,OUTSIDE,Produkt CAT01-X-9-5
428,TEMP_30_03_26_CAT11-X-4-1,NAME_MATCH,False,,Produkt CAT11-X-4-1,produkt_cat11x41,CAT11,OUTSIDE,Produkt CAT11-X-4-1
429,TEMP_30_03_26_CAT12-X-1-1,NAME_MATCH,False,,Produkt CAT12-X-1-1,produkt_cat12x11,CAT12,OUTSIDE,Produkt CAT12-X-1-1
430,TEMP_30_03_26_CAT12-X-2-1,NAME_MATCH,False,,Produkt CAT12-X-2-1,produkt_cat12x21,CAT12,OUTSIDE,Produkt CAT12-X-2-1
431,TEMP_31_03_26_CAT12-X-2-2,TEMPORARY,False,,Produkt CAT12-X-2-2,produkt_cat12x22,CAT12,OUTSIDE,Produkt CAT12-X-2-2
432,TEMP_31_03_26_CAT13-X-4-2,TEMPORARY,False,,Produkt CAT13-X-4-2,produkt_cat13x42,CAT13,OUTSIDE,Produkt CAT13-X-4-2
